filename,label,original,split
noagmcpxfb.mp4,FAKE,train,dgtdgrzifi.mp4
alzbizkswy.mp4,REAL,train,
xcmkbpzfzw.mp4,FAKE,train,aoqzxlwvmi.mp4
uywdjgfgqr.mp4,FAKE,train,oupjhtodai.mp4
fbqwomdehr.mp4,FAKE,train,xtixietgjp.mp4
kfnjscqwpr.mp4,FAKE,train,xukwfyprsa.mp4
hdhosyjdqa.mp4,FAKE,train,ondrruihyu.mp4
qzfmctgxcs.mp4,REAL,train,
bqylqctsxk.mp4,FAKE,train,sudzolvppu.mp4
lhmiyvrent.mp4,FAKE,train,qvgutokvct.mp4
qdumndmniy.mp4,FAKE,train,dgtdgrzifi.mp4
pvewomynek.mp4,FAKE,train,uutxmgqajd.mp4
nliofvksed.mp4,REAL,train,
fdppujxagz.mp4,FAKE,train,iwnfvkmktq.mp4
uiuritmtkl.mp4,FAKE,train,pzdmbizzii.mp4
jjioflapll.mp4,FAKE,train,pwqcfklfqn.mp4
saiaojszgp.mp4,FAKE,train,evirwnkqms.mp4
ejyhzcuytn.mp4,FAKE,train,gtvszqcyiu.mp4
zmfiveruie.mp4,FAKE,train,gldpafckwo.mp4
vemkifcxcn.mp4,FAKE,train,ofapaanpkl.mp4
yiwyejujhz.mp4,FAKE,train,wuziejscwj.mp4
cemtyyxdti.mp4,FAKE,train,ofapaanpkl.mp4
fdezrogbya.mp4,FAKE,train,iaaecuquha.mp4
akpbyalynb.mp4,FAKE,train,imnhgitwer.mp4
axyorvscnv.mp4,FAKE,train,kifyfzqzjj.mp4
eswzqomvye.mp4,REAL,train,
kgsfkfdltq.mp4,FAKE,train,vmdtkugivw.mp4
ktwvmsdbam.mp4,FAKE,train,pwqcfklfqn.mp4
ogxclikmst.mp4,FAKE,train,vdqritvjfl.mp4
xbkvmkozpc.mp4,FAKE,train,nliofvksed.mp4
uyicbkmyef.mp4,FAKE,train,hciwewlauj.mp4
yqtadojbpz.mp4,FAKE,train,iwrkkcfcob.mp4
ebzspprfny.mp4,FAKE,train,yvowabxoto.mp4
aofjdfbvsf.mp4,FAKE,train,iahzcxmuck.mp4
wcuavvyokv.mp4,FAKE,train,vmdtkugivw.mp4
yvowabxoto.mp4,REAL,train,
qssqmsbneb.mp4,FAKE,train,yvowabxoto.mp4
sudzolvppu.mp4,REAL,train,
fllljvuqqa.mp4,FAKE,train,fsvnrnvmfa.mp4
weavaatvho.mp4,FAKE,train,qdbiwougrn.mp4
ncklihamxl.mp4,FAKE,train,mwfatmdvci.mp4
qxpyekaknf.mp4,FAKE,train,alzbizkswy.mp4
uespfgstut.mp4,FAKE,train,dgtdgrzifi.mp4
nyoossxsjk.mp4,REAL,train,
pyirqybluh.mp4,FAKE,train,sswhgeqjrt.mp4
ofapaanpkl.mp4,REAL,train,
ikacknizqm.mp4,FAKE,train,ibrdkgckhc.mp4
fdgjxunkbg.mp4,FAKE,train,ibrdkgckhc.mp4
oufidacgwf.mp4,FAKE,train,mhvebxvhsx.mp4
ovmopsyelx.mp4,FAKE,train,fsvnrnvmfa.mp4
gsxlolioxh.mp4,REAL,train,
srsadmspmy.mp4,FAKE,train,qvgutokvct.mp4
xwwapswrtn.mp4,FAKE,train,mwfatmdvci.mp4
aoxjeneofv.mp4,FAKE,train,rwsvyxrubl.mp4
ubeujmdnbg.mp4,FAKE,train,nliofvksed.mp4
rmztfignml.mp4,FAKE,train,exxdugnweb.mp4
qarbtmjwhm.mp4,FAKE,train,wuziejscwj.mp4
vnwbsatlha.mp4,FAKE,train,iwnfvkmktq.mp4
jinzlsofla.mp4,FAKE,train,vdqritvjfl.mp4
kifyfzqzjj.mp4,REAL,train,
fasyguwpmg.mp4,FAKE,train,vdqritvjfl.mp4
telhwxhfvz.mp4,FAKE,train,lzzqbqakel.mp4
dhjromtynd.mp4,FAKE,train,iaaecuquha.mp4
asanbqerkb.mp4,FAKE,train,uutxmgqajd.mp4
uuyyezfcnx.mp4,REAL,train,
krlmmmwgnh.mp4,FAKE,train,kifyfzqzjj.mp4
gwrnbskgml.mp4,FAKE,train,gldpafckwo.mp4
wtfgfzqlgb.mp4,FAKE,train,uutxmgqajd.mp4
lpencintgp.mp4,FAKE,train,evirwnkqms.mp4
vbwpcarauq.mp4,FAKE,train,vmdtkugivw.mp4
bzkgdqauwi.mp4,FAKE,train,kifyfzqzjj.mp4
wscclwhfsr.mp4,REAL,train,
qhwvegmmkh.mp4,FAKE,train,exxdugnweb.mp4
pqcmvupjkq.mp4,REAL,train,
pwqcfklfqn.mp4,REAL,train,
xtixietgjp.mp4,REAL,train,
jfwbtzpwds.mp4,FAKE,train,xtixietgjp.mp4
mrerjyjvds.mp4,FAKE,train,uutxmgqajd.mp4
gtlqonbaur.mp4,FAKE,train,yylreahcso.mp4
wcusakgafv.mp4,FAKE,train,rwsvyxrubl.mp4
dreamznfsd.mp4,FAKE,train,pqcmvupjkq.mp4
qlxtcakhnu.mp4,FAKE,train,eswzqomvye.mp4
qiiigtcpft.mp4,FAKE,train,pqcmvupjkq.mp4
gjrkpbhyvs.mp4,FAKE,train,qhanuectob.mp4
mexwrnhhyo.mp4,FAKE,train,exxdugnweb.mp4
enuvbqyode.mp4,FAKE,train,mhvebxvhsx.mp4
ujhhksskil.mp4,FAKE,train,uuyyezfcnx.mp4
bfjajtyjzt.mp4,FAKE,train,pqcmvupjkq.mp4
ihgkxfqczm.mp4,REAL,train,
vbqpkjauhb.mp4,FAKE,train,exxdugnweb.mp4
bosxyhludp.mp4,FAKE,train,iwrkkcfcob.mp4
oekdjsokkb.mp4,FAKE,train,lzzqbqakel.mp4
tsoqqcbsmx.mp4,FAKE,train,pqcmvupjkq.mp4
efbibsmgpw.mp4,REAL,train,
qcvctfwlam.mp4,FAKE,train,aoqzxlwvmi.mp4
tfeguxahut.mp4,FAKE,train,sudzolvppu.mp4
lovwvifwwo.mp4,FAKE,train,mhvebxvhsx.mp4
qeqhrejxbu.mp4,FAKE,train,qhanuectob.mp4
yljgbwluei.mp4,FAKE,train,sswhgeqjrt.mp4
dcazaskuka.mp4,FAKE,train,qhanuectob.mp4
kgygjjktti.mp4,FAKE,train,gldpafckwo.mp4
fbybejwonv.mp4,FAKE,train,oyllgjgwht.mp4
mwtcwknkuv.mp4,FAKE,train,oupjhtodai.mp4
wpxivqyoww.mp4,FAKE,train,pzdmbizzii.mp4
afvbadakux.mp4,FAKE,train,wuziejscwj.mp4
qatpflatwm.mp4,FAKE,train,evirwnkqms.mp4
kcsthllhbl.mp4,FAKE,train,fsvnrnvmfa.mp4
ahencqpiin.mp4,FAKE,train,qzfmctgxcs.mp4
qqqfrgcnsb.mp4,FAKE,train,shslgpeisw.mp4
iscbfzqeyn.mp4,FAKE,train,wuziejscwj.mp4
qvrgoabojk.mp4,FAKE,train,tfnuiwjlxd.mp4
yrldnkponb.mp4,FAKE,train,iwrkkcfcob.mp4
rnqtslhcka.mp4,FAKE,train,wuziejscwj.mp4
imnhgitwer.mp4,REAL,train,
hwmybqyceh.mp4,FAKE,train,shslgpeisw.mp4
safkdrudrs.mp4,FAKE,train,gldpafckwo.mp4
hpjlsodvji.mp4,FAKE,train,nliofvksed.mp4
gkbiiuwvjd.mp4,FAKE,train,fsvnrnvmfa.mp4
ibryrelmff.mp4,FAKE,train,gldpafckwo.mp4
azwsqmaxmf.mp4,FAKE,train,jgjedubejh.mp4
hzrlcndrek.mp4,FAKE,train,vmdtkugivw.mp4
couyrcwviy.mp4,FAKE,train,mhvebxvhsx.mp4
dslifinjkj.mp4,FAKE,train,lzzqbqakel.mp4
crwzuxqezo.mp4,FAKE,train,dgtdgrzifi.mp4
lwoxicjdyc.mp4,FAKE,train,qhanuectob.mp4
rtjmzqmhqa.mp4,FAKE,train,yvowabxoto.mp4
kicveuizmb.mp4,REAL,train,
gsqepibeqs.mp4,FAKE,train,lzzqbqakel.mp4
kqqehipuno.mp4,FAKE,train,dgtdgrzifi.mp4
dqqgfwcmrn.mp4,FAKE,train,exxdugnweb.mp4
ibrdkgckhc.mp4,REAL,train,
eddocxyxea.mp4,FAKE,train,iwrkkcfcob.mp4
lxwxleiptt.mp4,FAKE,train,uutxmgqajd.mp4
ntfnqcgfkg.mp4,FAKE,train,kifyfzqzjj.mp4
zabggtpvjj.mp4,FAKE,train,kicveuizmb.mp4
aoyvghuegg.mp4,FAKE,train,dgtdgrzifi.mp4
jcrpwhrpyk.mp4,FAKE,train,jdqwhvbsbe.mp4
ektwmkryvm.mp4,FAKE,train,iaaecuquha.mp4
qdbiwougrn.mp4,REAL,train,
jbxjqnwwhv.mp4,FAKE,train,nliofvksed.mp4
cbiqnvszuw.mp4,FAKE,train,uutxmgqajd.mp4
zdjggiwdqh.mp4,FAKE,train,uutxmgqajd.mp4
sbmndrkqmu.mp4,FAKE,train,pzdmbizzii.mp4
yggflwovqz.mp4,FAKE,train,lzzqbqakel.mp4
fujwbsqeaf.mp4,FAKE,train,vmdtkugivw.mp4
lzzqbqakel.mp4,REAL,train,
mlhrazrnmx.mp4,FAKE,train,jgjedubejh.mp4
iigcoabzxw.mp4,FAKE,train,pqcmvupjkq.mp4
acanmekatk.mp4,FAKE,train,pqcmvupjkq.mp4
okfjnnozuz.mp4,FAKE,train,mhvebxvhsx.mp4
ditgggwqru.mp4,FAKE,train,sswhgeqjrt.mp4
oyllgjgwht.mp4,REAL,train,
kisvmxjmeb.mp4,FAKE,train,gldpafckwo.mp4
iusachxgqy.mp4,FAKE,train,iwrkkcfcob.mp4
rzyjmjmzdx.mp4,FAKE,train,oupjhtodai.mp4
lcjqoxhdvs.mp4,FAKE,train,yvowabxoto.mp4
kcigedckrv.mp4,FAKE,train,nyoossxsjk.mp4
tpiddeudvc.mp4,FAKE,train,eznfhmennm.mp4
wulqkgrpgs.mp4,FAKE,train,exxdugnweb.mp4
eycfnmrhdt.mp4,FAKE,train,yvowabxoto.mp4
rubozrgvgg.mp4,FAKE,train,shslgpeisw.mp4
rfywczujdb.mp4,FAKE,train,eswzqomvye.mp4
qhanuectob.mp4,REAL,train,
lxekhqziuc.mp4,FAKE,train,iahzcxmuck.mp4
xisljdekrc.mp4,FAKE,train,aoqzxlwvmi.mp4
jrjxehotww.mp4,FAKE,train,lzzqbqakel.mp4
vzjiuuhlgz.mp4,FAKE,train,pqcmvupjkq.mp4
cgcmdddbch.mp4,FAKE,train,vmdtkugivw.mp4
pqetdjqyji.mp4,FAKE,train,iaaecuquha.mp4
bstetrqars.mp4,FAKE,train,iaaecuquha.mp4
zhznykzuxe.mp4,FAKE,train,jhegswpvdq.mp4
jfighqzpzm.mp4,FAKE,train,yvowabxoto.mp4
bfzvzyidrj.mp4,FAKE,train,evirwnkqms.mp4
ktbrplyuax.mp4,FAKE,train,uutxmgqajd.mp4
bkyoodlpvw.mp4,FAKE,train,sudzolvppu.mp4
ijvicicjwi.mp4,FAKE,train,ofapaanpkl.mp4
plbrhjitqu.mp4,FAKE,train,yvowabxoto.mp4
vmdtkugivw.mp4,REAL,train,
csrsxklgle.mp4,FAKE,train,dgtdgrzifi.mp4
psptkqaviq.mp4,FAKE,train,dgtdgrzifi.mp4
etnricjray.mp4,FAKE,train,ofapaanpkl.mp4
wuprhbkgjh.mp4,FAKE,train,wscclwhfsr.mp4
idhxsxrljg.mp4,FAKE,train,uuyyezfcnx.mp4
aprylcdijv.mp4,FAKE,train,yvowabxoto.mp4
gpbngfqtno.mp4,FAKE,train,iwrkkcfcob.mp4
qylogqsvxq.mp4,FAKE,train,nliofvksed.mp4
fnejwlvvsg.mp4,FAKE,train,jhegswpvdq.mp4
pscilvlcfe.mp4,FAKE,train,pqcmvupjkq.mp4
neawnhakxq.mp4,FAKE,train,kicveuizmb.mp4
cynqzgnnkd.mp4,FAKE,train,fmsxomanga.mp4
spelnjjqqo.mp4,FAKE,train,iaaecuquha.mp4
uiisqrsxtd.mp4,FAKE,train,gtvszqcyiu.mp4
lllejofvot.mp4,FAKE,train,evirwnkqms.mp4
whnhzzpgqz.mp4,FAKE,train,qhanuectob.mp4
cvsobewhsk.mp4,FAKE,train,ofapaanpkl.mp4
mcvjroxtlf.mp4,FAKE,train,evirwnkqms.mp4
yqvstvfjjo.mp4,FAKE,train,lzzqbqakel.mp4
vbocreoktm.mp4,FAKE,train,dgtdgrzifi.mp4
zcnwdrmdsk.mp4,FAKE,train,lzzqbqakel.mp4
qunqhwcxzp.mp4,FAKE,train,mhvebxvhsx.mp4
wpxqsgmmgz.mp4,FAKE,train,aoqzxlwvmi.mp4
hewhitnasz.mp4,FAKE,train,oupjhtodai.mp4
dgtdgrzifi.mp4,REAL,train,
guplchrlzb.mp4,FAKE,train,oupjhtodai.mp4
dnebeevzpl.mp4,FAKE,train,vmdtkugivw.mp4
hqeldyhmpu.mp4,FAKE,train,vdqritvjfl.mp4
fuejnktipj.mp4,FAKE,train,gldpafckwo.mp4
moetggyxsc.mp4,FAKE,train,fsvnrnvmfa.mp4
eujvhvrzyj.mp4,FAKE,train,eswzqomvye.mp4
ocwkmbqfuh.mp4,FAKE,train,uuyyezfcnx.mp4
wpjaljwawc.mp4,FAKE,train,wuziejscwj.mp4
odkugnvwoe.mp4,FAKE,train,lzzqbqakel.mp4
djodnxisaa.mp4,REAL,train,
bbdeidcmgb.mp4,FAKE,train,rwsvyxrubl.mp4
viwkdohrpx.mp4,FAKE,train,oupjhtodai.mp4
ueoosdrklc.mp4,FAKE,train,uutxmgqajd.mp4
mhvebxvhsx.mp4,REAL,train,
pmwhyvxcvr.mp4,FAKE,train,aoqzxlwvmi.mp4
arnoeknrix.mp4,FAKE,train,mwfatmdvci.mp4
gccddsbvpg.mp4,FAKE,train,jhegswpvdq.mp4
pxugccqdyw.mp4,FAKE,train,gsxlolioxh.mp4
mmqwucucjx.mp4,FAKE,train,vmdtkugivw.mp4
usfowtggox.mp4,FAKE,train,qhanuectob.mp4
hyaoeiownm.mp4,FAKE,train,eswzqomvye.mp4
zxoqhqjivy.mp4,FAKE,train,mhvebxvhsx.mp4
nmyhzwggkh.mp4,FAKE,train,djodnxisaa.mp4
jlckrvhipl.mp4,FAKE,train,yylreahcso.mp4
qnvjmuhqif.mp4,FAKE,train,lzzqbqakel.mp4
ottiiobbrh.mp4,FAKE,train,qvgutokvct.mp4
buyniyufbw.mp4,FAKE,train,uhyizbpmzk.mp4
xsxwrwvfkg.mp4,REAL,train,
sbrjiwfrtg.mp4,FAKE,train,pzdmbizzii.mp4
wbeplfzuvf.mp4,FAKE,train,ofapaanpkl.mp4
amwqklteuh.mp4,FAKE,train,gsxlolioxh.mp4
lhtsqtvtpm.mp4,FAKE,train,iwrkkcfcob.mp4
qqokpshvil.mp4,FAKE,train,iaaecuquha.mp4
ovzrybxvgr.mp4,FAKE,train,vdqritvjfl.mp4
iwrkkcfcob.mp4,REAL,train,
cgaoujuasi.mp4,FAKE,train,ondrruihyu.mp4
kndtikqylz.mp4,FAKE,train,gbvllwqbjl.mp4
ywaecundmo.mp4,FAKE,train,gldpafckwo.mp4
jyqysuhyjb.mp4,FAKE,train,ondrruihyu.mp4
gpwufippaw.mp4,FAKE,train,fsvnrnvmfa.mp4
bzohuudija.mp4,FAKE,train,uutxmgqajd.mp4
trnznvybjo.mp4,FAKE,train,sudzolvppu.mp4
sejwhhsaok.mp4,FAKE,train,mwfatmdvci.mp4
qjvzhisszu.mp4,FAKE,train,mhvebxvhsx.mp4
bsdyjymwcg.mp4,FAKE,train,shslgpeisw.mp4
ypzbqkypyc.mp4,FAKE,train,jdxnotoadb.mp4
ueshqvntrl.mp4,FAKE,train,dgtdgrzifi.mp4
mprzzwuowr.mp4,FAKE,train,wuziejscwj.mp4
yuypjkvzui.mp4,FAKE,train,wuziejscwj.mp4
inuntgvmfo.mp4,FAKE,train,shslgpeisw.mp4
iqvfopywpa.mp4,FAKE,train,iahzcxmuck.mp4
uasrnbxdby.mp4,FAKE,train,dgtdgrzifi.mp4
bkhclbvdis.mp4,FAKE,train,iwrkkcfcob.mp4
fmsxomanga.mp4,REAL,train,
rursrvigxm.mp4,FAKE,train,gbvllwqbjl.mp4
bbxuciztza.mp4,FAKE,train,nliofvksed.mp4
jpbwbkobnp.mp4,FAKE,train,xtixietgjp.mp4
mukyckrtih.mp4,FAKE,train,wscclwhfsr.mp4
xyrdxhiiju.mp4,FAKE,train,vdqritvjfl.mp4
kgobofayxb.mp4,FAKE,train,gldpafckwo.mp4
ziexmsthog.mp4,REAL,train,
silyramuhb.mp4,FAKE,train,vdqritvjfl.mp4
dajcyskjxs.mp4,FAKE,train,evirwnkqms.mp4
gbvllwqbjl.mp4,REAL,train,
tqcddzwrby.mp4,FAKE,train,wuziejscwj.mp4
eznfhmennm.mp4,REAL,train,
fgnofuaqga.mp4,FAKE,train,iahzcxmuck.mp4
uhyizbpmzk.mp4,REAL,train,
jokhonzxiw.mp4,FAKE,train,yvowabxoto.mp4
qhvjhqerbn.mp4,FAKE,train,vdqritvjfl.mp4
bidulzdkec.mp4,FAKE,train,uutxmgqajd.mp4
vpcwwzaxmn.mp4,FAKE,train,yylreahcso.mp4
ejtondldnk.mp4,FAKE,train,fsvnrnvmfa.mp4
ntzghxinnx.mp4,FAKE,train,uutxmgqajd.mp4
yylreahcso.mp4,REAL,train,
fsvnrnvmfa.mp4,REAL,train,
oijocicvxu.mp4,FAKE,train,fsvnrnvmfa.mp4
lwaatqeuxv.mp4,FAKE,train,gtvszqcyiu.mp4
owrkhoolbu.mp4,FAKE,train,nliofvksed.mp4
tnnjexhjay.mp4,FAKE,train,lzzqbqakel.mp4
xqbjizvmfu.mp4,FAKE,train,uutxmgqajd.mp4
lwqmfcsjvp.mp4,FAKE,train,vmdtkugivw.mp4
wfuyduebtv.mp4,FAKE,train,wuziejscwj.mp4
aoqzxlwvmi.mp4,REAL,train,
jqcfzqfmuo.mp4,FAKE,train,qdbiwougrn.mp4
eodeiyybfk.mp4,FAKE,train,oupjhtodai.mp4
vfuixopjaf.mp4,FAKE,train,uutxmgqajd.mp4
vsohijftmr.mp4,FAKE,train,eznfhmennm.mp4
jdqwhvbsbe.mp4,REAL,train,
dexmozizsn.mp4,FAKE,train,uhyizbpmzk.mp4
shslgpeisw.mp4,REAL,train,
tfnuiwjlxd.mp4,REAL,train,
dqmkthhjbx.mp4,FAKE,train,pzdmbizzii.mp4
afadqgujvi.mp4,FAKE,train,fsvnrnvmfa.mp4
gtvszqcyiu.mp4,REAL,train,
ylasjinpme.mp4,FAKE,train,eswzqomvye.mp4
rpqpopztwh.mp4,FAKE,train,iaaecuquha.mp4
vfrlbhvpap.mp4,FAKE,train,kifyfzqzjj.mp4
mekideagof.mp4,FAKE,train,kifyfzqzjj.mp4
vazoblhsmf.mp4,FAKE,train,xsxwrwvfkg.mp4
ndlzvtwvke.mp4,FAKE,train,imnhgitwer.mp4
oqhzpmqnft.mp4,FAKE,train,wscclwhfsr.mp4
exxdugnweb.mp4,REAL,train,
jxnhuoofmp.mp4,FAKE,train,mwfatmdvci.mp4
jgjedubejh.mp4,REAL,train,
xukwfyprsa.mp4,REAL,train,
dazcqddmah.mp4,REAL,train,
pfvlgficdf.mp4,FAKE,train,ihgkxfqczm.mp4
zjoonppreb.mp4,FAKE,train,jdqwhvbsbe.mp4
tcrjgukmpt.mp4,FAKE,train,yvowabxoto.mp4
gnnuktzwwy.mp4,FAKE,train,fsvnrnvmfa.mp4
bmfuosxwoc.mp4,FAKE,train,qhanuectob.mp4
lkkandgvbi.mp4,FAKE,train,ondrruihyu.mp4
bnlhnkfkrg.mp4,FAKE,train,gldpafckwo.mp4
jgwvgzjaeh.mp4,FAKE,train,oupjhtodai.mp4
iaaecuquha.mp4,REAL,train,
ptqgzekfid.mp4,FAKE,train,pwqcfklfqn.mp4
rcsdwyosav.mp4,FAKE,train,pqcmvupjkq.mp4
cvoikrdglc.mp4,FAKE,train,nyoossxsjk.mp4
nwrektpeut.mp4,FAKE,train,exxdugnweb.mp4
rwsvyxrubl.mp4,REAL,train,
cvcznehtwl.mp4,FAKE,train,sudzolvppu.mp4
ydyolkfmxc.mp4,FAKE,train,nyoossxsjk.mp4
eqhltmstho.mp4,FAKE,train,nliofvksed.mp4
ejughyndqp.mp4,FAKE,train,hciwewlauj.mp4
vdqritvjfl.mp4,REAL,train,
utzsehqspn.mp4,FAKE,train,pwqcfklfqn.mp4
ijgnftkova.mp4,FAKE,train,iwrkkcfcob.mp4
kbhlvljpre.mp4,FAKE,train,iwrkkcfcob.mp4
rgzvjfpwlo.mp4,FAKE,train,shslgpeisw.mp4
zbrjspdcit.mp4,FAKE,train,gldpafckwo.mp4
oupjhtodai.mp4,REAL,train,
ilwecgcnwg.mp4,FAKE,train,vmdtkugivw.mp4
escubycnrb.mp4,FAKE,train,uuyyezfcnx.mp4
wjhuumhiib.mp4,FAKE,train,gldpafckwo.mp4
afjiqyggtd.mp4,FAKE,train,xsxwrwvfkg.mp4
mwfatmdvci.mp4,REAL,train,
sswhgeqjrt.mp4,REAL,train,
zjuqinpzps.mp4,FAKE,train,mhvebxvhsx.mp4
hciwewlauj.mp4,REAL,train,
ltigamxmii.mp4,FAKE,train,alzbizkswy.mp4
dmzfhikjjo.mp4,FAKE,train,gldpafckwo.mp4
yjchlfqxpj.mp4,FAKE,train,shslgpeisw.mp4
eyxjlhkadh.mp4,FAKE,train,ihgkxfqczm.mp4
rtjtgxdrcn.mp4,FAKE,train,ofapaanpkl.mp4
fncnobpzzx.mp4,FAKE,train,vmdtkugivw.mp4
hofyuwtrcy.mp4,FAKE,train,wuziejscwj.mp4
iwnfvkmktq.mp4,REAL,train,
lpcqumwcia.mp4,FAKE,train,iahzcxmuck.mp4
qpuvmliiad.mp4,FAKE,train,uutxmgqajd.mp4
iahzcxmuck.mp4,REAL,train,
lcrtuazjgq.mp4,FAKE,train,pqcmvupjkq.mp4
giuymhlbyo.mp4,FAKE,train,dgtdgrzifi.mp4
ceyewzqnup.mp4,FAKE,train,uuyyezfcnx.mp4
iuxopnkzzc.mp4,FAKE,train,mwfatmdvci.mp4
bwocxfcknz.mp4,FAKE,train,uutxmgqajd.mp4
bvkfgeyaif.mp4,FAKE,train,gldpafckwo.mp4
cqiscqrtlw.mp4,FAKE,train,sudzolvppu.mp4
glttzneqaz.mp4,FAKE,train,dgtdgrzifi.mp4
jdxnotoadb.mp4,REAL,train,
gkbbngtnfk.mp4,FAKE,train,nyoossxsjk.mp4
hzlitwzkhf.mp4,FAKE,train,shslgpeisw.mp4
gldpafckwo.mp4,REAL,train,
baqledjaon.mp4,FAKE,train,fsvnrnvmfa.mp4
kgotoprpim.mp4,FAKE,train,dazcqddmah.mp4
tpzcpkffia.mp4,FAKE,train,ziexmsthog.mp4
qvgutokvct.mp4,REAL,train,
exdxpotzrw.mp4,FAKE,train,lzzqbqakel.mp4
qhlybfsdsr.mp4,FAKE,train,shslgpeisw.mp4
wvvzhovtff.mp4,FAKE,train,uutxmgqajd.mp4
evirwnkqms.mp4,REAL,train,
kircengljw.mp4,FAKE,train,exxdugnweb.mp4
dtwmkvalrf.mp4,FAKE,train,ihgkxfqczm.mp4
xlnaxrwvcx.mp4,FAKE,train,oupjhtodai.mp4
afqaubpglg.mp4,FAKE,train,djodnxisaa.mp4
knafngkgen.mp4,FAKE,train,sudzolvppu.mp4
udcpjfvqro.mp4,FAKE,train,gsxlolioxh.mp4
jovrnujurf.mp4,FAKE,train,yvowabxoto.mp4
bqhcjuivwg.mp4,FAKE,train,sudzolvppu.mp4
cmlvgoiwvz.mp4,FAKE,train,nliofvksed.mp4
gmhosclfho.mp4,FAKE,train,vmdtkugivw.mp4
osndijcoyz.mp4,FAKE,train,evirwnkqms.mp4
qwrpagiovn.mp4,FAKE,train,iwrkkcfcob.mp4
ambmklrhtt.mp4,FAKE,train,dazcqddmah.mp4
gqobzkvpep.mp4,FAKE,train,lzzqbqakel.mp4
oomtdwuvll.mp4,FAKE,train,dgtdgrzifi.mp4
purmwibzcn.mp4,FAKE,train,uutxmgqajd.mp4
jhkdzxgiig.mp4,FAKE,train,uuyyezfcnx.mp4
lwmliuhzmf.mp4,FAKE,train,qhanuectob.mp4
llkiunqvzt.mp4,FAKE,train,sswhgeqjrt.mp4
cwoiryhauz.mp4,FAKE,train,dazcqddmah.mp4
lhpwfocycv.mp4,FAKE,train,jdqwhvbsbe.mp4
zklsugjfap.mp4,FAKE,train,uuyyezfcnx.mp4
jcafibbcdx.mp4,FAKE,train,pqcmvupjkq.mp4
nwrmvgztnf.mp4,FAKE,train,rwsvyxrubl.mp4
rhayeawnsq.mp4,FAKE,train,gsxlolioxh.mp4
zqppxkzzou.mp4,FAKE,train,evirwnkqms.mp4
nkppbhzwqc.mp4,FAKE,train,ibrdkgckhc.mp4
fhzpmudsrj.mp4,FAKE,train,uuyyezfcnx.mp4
yelseuucoz.mp4,FAKE,train,wuziejscwj.mp4
pfrribcoce.mp4,FAKE,train,sudzolvppu.mp4
vnwouygwjh.mp4,FAKE,train,uuyyezfcnx.mp4
nezdynaehr.mp4,FAKE,train,exxdugnweb.mp4
ydkzqxozzx.mp4,FAKE,train,pzdmbizzii.mp4
oltexwbmjq.mp4,FAKE,train,dazcqddmah.mp4
qdvzovpzxz.mp4,FAKE,train,yylreahcso.mp4
fdibsyxhwu.mp4,FAKE,train,gsxlolioxh.mp4
uutxmgqajd.mp4,REAL,train,
uzwhknkitr.mp4,FAKE,train,efbibsmgpw.mp4
efbkgcgnnk.mp4,FAKE,train,uuyyezfcnx.mp4
yeywbzdmsl.mp4,FAKE,train,qvgutokvct.mp4
nnuyijzlju.mp4,FAKE,train,yylreahcso.mp4
iqsxnucxvo.mp4,FAKE,train,shslgpeisw.mp4
jhegswpvdq.mp4,REAL,train,
adlbyccevz.mp4,FAKE,train,gsxlolioxh.mp4
wchmfhotgt.mp4,FAKE,train,ziexmsthog.mp4
zxuuvcomyw.mp4,FAKE,train,tfnuiwjlxd.mp4
rvggegluxf.mp4,FAKE,train,eswzqomvye.mp4
nbymxrswmu.mp4,FAKE,train,sswhgeqjrt.mp4
pzdmbizzii.mp4,REAL,train,
rlvaxiqant.mp4,FAKE,train,jdxnotoadb.mp4
hqacfyyvqa.mp4,FAKE,train,yvowabxoto.mp4
avujziraao.mp4,FAKE,train,shslgpeisw.mp4
mjoafcwkac.mp4,FAKE,train,evirwnkqms.mp4
lofdvdkycg.mp4,FAKE,train,qvgutokvct.mp4
ondrruihyu.mp4,REAL,train,
ndtiurivhc.mp4,FAKE,train,vdqritvjfl.mp4
hrthfgffnf.mp4,FAKE,train,shslgpeisw.mp4
opletbcjvs.mp4,FAKE,train,pqcmvupjkq.mp4
pnhxtiqyef.mp4,FAKE,train,aoqzxlwvmi.mp4
tzwitggfhn.mp4,FAKE,train,imnhgitwer.mp4
cdjisxdgbq.mp4,FAKE,train,shslgpeisw.mp4
lofyajpsll.mp4,FAKE,train,iwrkkcfcob.mp4
cfwdlimdjk.mp4,FAKE,train,vmdtkugivw.mp4
spkopdnnkf.mp4,FAKE,train,rwsvyxrubl.mp4
nzzhokxgyu.mp4,FAKE,train,jdxnotoadb.mp4
rapfwfntyj.mp4,FAKE,train,vmdtkugivw.mp4
wuziejscwj.mp4,REAL,train,
sgvgaqcrec.mp4,FAKE,train,qzfmctgxcs.mp4
vtjidnmwxh.mp4,FAKE,train,lzzqbqakel.mp4
ncmfiprfwc.mp4,FAKE,train,mhvebxvhsx.mp4
azpgkhnbfq.mp4,FAKE,train,iahzcxmuck.mp4
wzctjlievz.mp4,FAKE,train,qvgutokvct.mp4
jzwmxvkgwi.mp4,FAKE,train,pqcmvupjkq.mp4
pnfizwuebk.mp4,FAKE,train,lzzqbqakel.mp4
ygasktqyov.mp4,FAKE,train,ibrdkgckhc.mp4
iagtuzbrax.mp4,FAKE,train,gldpafckwo.mp4
oesmmyhzmi.mp4,FAKE,train,vdqritvjfl.mp4
eomckefhqz.mp4,FAKE,train,ppdmldrwmq.mp4
pprgcdyzbr.mp4,FAKE,train,cdpnnebwfa.mp4
peqrlhqeuk.mp4,REAL,train,
rfbhmfkysx.mp4,FAKE,train,smehtpwbzy.mp4
nhshcfhcxe.mp4,REAL,train,
iqbrblvxvk.mp4,FAKE,train,cefolmrrlx.mp4
kqepmqpxmo.mp4,FAKE,train,rdtcetmywq.mp4
luhndqsljl.mp4,FAKE,train,axutpjywuu.mp4
ttizjhiwdt.mp4,FAKE,train,ecpoizyscr.mp4
bjllfiganv.mp4,FAKE,train,djhhnixfyi.mp4
ofxdydegsc.mp4,FAKE,train,vzbdwilegq.mp4
jfkwkohdoc.mp4,REAL,train,
khokwspqph.mp4,FAKE,train,fhsopezelx.mp4
uyhkwtjbwb.mp4,FAKE,train,wdjakibrey.mp4
cisyhndlli.mp4,FAKE,train,qoxjeaywhv.mp4
smeawqunuq.mp4,FAKE,train,gtyvtbojpp.mp4
lirclscpfu.mp4,FAKE,train,cwxrlwltie.mp4
erotdfkdnr.mp4,FAKE,train,gplcznqznv.mp4
pnljeroaga.mp4,FAKE,train,sotclwmskg.mp4
pnpylbwrxe.mp4,FAKE,train,cjiwxfwcit.mp4
fednyefrrm.mp4,FAKE,train,cedpyannqf.mp4
rdtcetmywq.mp4,REAL,train,
rtawydpugq.mp4,FAKE,train,adtavmdgvg.mp4
ajwbewcmwi.mp4,REAL,train,
orzltllnmg.mp4,FAKE,train,slakzltuxq.mp4
iqhllschqx.mp4,FAKE,train,vzbdwilegq.mp4
cxgdlbmeqy.mp4,FAKE,train,cedpyannqf.mp4
yavswhuxyv.mp4,FAKE,train,nhshcfhcxe.mp4
jhfykjblun.mp4,FAKE,train,rjzvgihmuu.mp4
esacncvhun.mp4,FAKE,train,kqatztogld.mp4
qkromhcvfm.mp4,REAL,train,
onxdyexufh.mp4,FAKE,train,yqahqscioc.mp4
oxrrtafxaw.mp4,FAKE,train,odmeoekpyu.mp4
tuqgljzqex.mp4,FAKE,train,imwxooampn.mp4
bhfpmvpmyw.mp4,FAKE,train,vjydkkczpi.mp4
ywnuerndit.mp4,FAKE,train,ecpoizyscr.mp4
osflukecxk.mp4,FAKE,train,eorlkzlhod.mp4
yirsrbjfjm.mp4,FAKE,train,rdtcetmywq.mp4
ydmhrmqspc.mp4,FAKE,train,kfzuekxbbb.mp4
qxqtwricad.mp4,FAKE,train,nqynuhnklk.mp4
hrdlenccwv.mp4,FAKE,train,cyeiqwpyxo.mp4
mjvxkorliv.mp4,FAKE,train,axutpjywuu.mp4
ecpoizyscr.mp4,REAL,train,
styfekwufb.mp4,FAKE,train,fmrzjlkiql.mp4
odjtvuqqwr.mp4,FAKE,train,yqahqscioc.mp4
qerfvwacdh.mp4,FAKE,train,smehtpwbzy.mp4
eciwkxuihs.mp4,FAKE,train,yebeeujegi.mp4
lhayhvqjmg.mp4,FAKE,train,nhshcfhcxe.mp4
eilxyvmvvn.mp4,FAKE,train,njewytntow.mp4
ookvttsbqn.mp4,FAKE,train,eeldudssre.mp4
mzybpbboto.mp4,FAKE,train,bfmoopvnho.mp4
enxazpptrf.mp4,FAKE,train,ievjqsivjx.mp4
wfsqddoonu.mp4,FAKE,train,hpjecyfqrx.mp4
kjedgbvxmc.mp4,FAKE,train,qytaiboeep.mp4
lpbobaovmj.mp4,FAKE,train,fhsopezelx.mp4
zjqyiwptph.mp4,FAKE,train,njewytntow.mp4
lollkigjpp.mp4,FAKE,train,nemzrqisrf.mp4
hofqokfyvd.mp4,FAKE,train,njewytntow.mp4
wkoxurxilc.mp4,FAKE,train,baxpshhrhc.mp4
wovraiwadu.mp4,FAKE,train,joadtqvfwc.mp4
ycgmovacdu.mp4,FAKE,train,scxrwnofhb.mp4
tuxkqcphyd.mp4,FAKE,train,cdpnnebwfa.mp4
zyzgthbmcd.mp4,FAKE,train,nhshcfhcxe.mp4
dpcahzyjmo.mp4,FAKE,train,xxupwwukoh.mp4
czbsjdjmlq.mp4,FAKE,train,eeldudssre.mp4
ayqetwwwjn.mp4,FAKE,train,slakzltuxq.mp4
xvnztwkpnw.mp4,FAKE,train,jfkwkohdoc.mp4
kfzuekxbbb.mp4,REAL,train,
zhlhmvpugd.mp4,REAL,train,
yjvxjpuucr.mp4,FAKE,train,imwxooampn.mp4
mmxzfgnsqy.mp4,FAKE,train,xktwgzpomg.mp4
jnwgtwdhxe.mp4,FAKE,train,cyeiqwpyxo.mp4
epznxyujvz.mp4,FAKE,train,ozgcmnllow.mp4
vvcvpgbpyw.mp4,FAKE,train,gtyvtbojpp.mp4
pqrbxifkas.mp4,FAKE,train,ozgcmnllow.mp4
dyzkwqexox.mp4,FAKE,train,wdjakibrey.mp4
qqqyeipyhu.mp4,FAKE,train,wdjakibrey.mp4
sxucmzlqvu.mp4,FAKE,train,bfkzrgovsv.mp4
jocksapjca.mp4,FAKE,train,webrimfvtt.mp4
xiesaacmcb.mp4,FAKE,train,hpjecyfqrx.mp4
phzijipsqo.mp4,FAKE,train,efazuieysm.mp4
kdwmfiatqd.mp4,FAKE,train,gplcznqznv.mp4
tlkynujfqr.mp4,FAKE,train,wjjqqdrxyr.mp4
lrrptmaseg.mp4,FAKE,train,qjpjsbuowe.mp4
eweohmorwm.mp4,FAKE,train,eeldudssre.mp4
vgdllmzjcw.mp4,REAL,train,
lboalepbxp.mp4,FAKE,train,cjiwxfwcit.mp4
pqrjmnwnws.mp4,FAKE,train,qoxjeaywhv.mp4
nizuthbrif.mp4,FAKE,train,ibxyizjjut.mp4
lxadgjqzbf.mp4,REAL,train,
deqdvahbhg.mp4,FAKE,train,ydtqmvjoih.mp4
wazeinvyng.mp4,REAL,train,
ebzsbvkutx.mp4,FAKE,train,njewytntow.mp4
svwpjzdgvv.mp4,FAKE,train,cjiwxfwcit.mp4
ipxsymswgp.mp4,FAKE,train,eorpfyvlok.mp4
knpxmrizay.mp4,FAKE,train,owsesuawmk.mp4
hkfajoookb.mp4,FAKE,train,kdcmnzjbzk.mp4
scxrwnofhb.mp4,REAL,train,
wymlvlyomw.mp4,FAKE,train,webrimfvtt.mp4
epvnrjtjsi.mp4,FAKE,train,zhwltzcxik.mp4
kytzoyblhx.mp4,FAKE,train,eeldudssre.mp4
tvnhbhcmra.mp4,FAKE,train,cjiwxfwcit.mp4
pbomitcxqq.mp4,FAKE,train,vpvuklgjyc.mp4
dsealbmwme.mp4,FAKE,train,djhhnixfyi.mp4
bfkzrgovsv.mp4,REAL,train,
pazpnfrbbc.mp4,FAKE,train,jrmqsinefn.mp4
sfjualzaic.mp4,FAKE,train,gplcznqznv.mp4
ptqwsbbuxi.mp4,FAKE,train,upphlazxcl.mp4
vmxurpilcs.mp4,FAKE,train,htkszkediw.mp4
bavhucvtaq.mp4,FAKE,train,qytaiboeep.mp4
jtnyvsvczz.mp4,FAKE,train,xxupwwukoh.mp4
wjjqqdrxyr.mp4,REAL,train,
frruapayul.mp4,FAKE,train,imwxooampn.mp4
ahjgsdsldx.mp4,FAKE,train,cedpyannqf.mp4
wxmglytpbf.mp4,FAKE,train,qoxjeaywhv.mp4
alzajhomle.mp4,FAKE,train,ievjqsivjx.mp4
gqsxnpltxr.mp4,FAKE,train,ecpoizyscr.mp4
utkfpuuvop.mp4,FAKE,train,qytaiboeep.mp4
jibhugdfbs.mp4,FAKE,train,rkbrbxhywo.mp4
jfcsumiude.mp4,FAKE,train,owsesuawmk.mp4
fcnosnknhr.mp4,FAKE,train,joadtqvfwc.mp4
ctbvhwpvhy.mp4,FAKE,train,jrmqsinefn.mp4
tpuaaqksjs.mp4,FAKE,train,jfkwkohdoc.mp4
hzmellkdvz.mp4,FAKE,train,baxpshhrhc.mp4
xqaojmjgxt.mp4,FAKE,train,wazeinvyng.mp4
qbearsyziz.mp4,REAL,train,
eeldudssre.mp4,REAL,train,
ydtqmvjoih.mp4,REAL,train,
ghqepbcmgb.mp4,FAKE,train,nhshcfhcxe.mp4
smxmfmyhiy.mp4,FAKE,train,hpjecyfqrx.mp4
bfmoopvnho.mp4,REAL,train,
vznzbpywab.mp4,FAKE,train,wdjakibrey.mp4
ossqgahpqp.mp4,FAKE,train,ujhjgutsfc.mp4
wcursjyswg.mp4,FAKE,train,upphlazxcl.mp4
slakzltuxq.mp4,REAL,train,
lpjusdgyqv.mp4,FAKE,train,sotclwmskg.mp4
mffjwgmdlw.mp4,FAKE,train,gtyvtbojpp.mp4
unhxlmyozc.mp4,FAKE,train,cyeiqwpyxo.mp4
eedwyzhipo.mp4,FAKE,train,yebeeujegi.mp4
qjpjsbuowe.mp4,REAL,train,
dwqbukyujc.mp4,FAKE,train,peqrlhqeuk.mp4
dbeouqereh.mp4,FAKE,train,htkszkediw.mp4
hvajujwuez.mp4,FAKE,train,ibxyizjjut.mp4
wypdykzzma.mp4,FAKE,train,qytaiboeep.mp4
mhxqbhgxgr.mp4,FAKE,train,qytaiboeep.mp4
mejxwrvpiu.mp4,FAKE,train,uydlsvuore.mp4
vapuddgzcr.mp4,FAKE,train,baxpshhrhc.mp4
sxnhvmsjje.mp4,FAKE,train,cwxrlwltie.mp4
uwaazdihiw.mp4,FAKE,train,rkbrbxhywo.mp4
syyqagkkyk.mp4,FAKE,train,ozgcmnllow.mp4
syemxznzhs.mp4,FAKE,train,kxchysmyhl.mp4
ewavdsgjyf.mp4,FAKE,train,qkromhcvfm.mp4
zmrnjhfxed.mp4,FAKE,train,owsesuawmk.mp4
vnsxdkjjtk.mp4,FAKE,train,kqatztogld.mp4
idnbymuzkb.mp4,FAKE,train,xejqfnhojp.mp4
pwwdehqvoc.mp4,FAKE,train,zhlhmvpugd.mp4
ofdolzwedv.mp4,FAKE,train,eorpfyvlok.mp4
vzomknwbuv.mp4,FAKE,train,imwxooampn.mp4
swujnifgsf.mp4,FAKE,train,scxrwnofhb.mp4
jmvmumowjq.mp4,FAKE,train,nqynuhnklk.mp4
bqkmlqpaqw.mp4,FAKE,train,axutpjywuu.mp4
ozgcmnllow.mp4,REAL,train,
ewrtxhsahr.mp4,FAKE,train,scxrwnofhb.mp4
gplcznqznv.mp4,REAL,train,
ejvutjytwt.mp4,FAKE,train,kdcmnzjbzk.mp4
sofgwqaoti.mp4,FAKE,train,ppdmldrwmq.mp4
kqfpeocxls.mp4,FAKE,train,rkbrbxhywo.mp4
njcrpzrbth.mp4,FAKE,train,vzbdwilegq.mp4
ucmjjvdmzf.mp4,FAKE,train,jfkwkohdoc.mp4
uoznjlqxcj.mp4,FAKE,train,qoxjeaywhv.mp4
vsxthyzjid.mp4,FAKE,train,xirkoqnzjk.mp4
vgiwjhtzcw.mp4,FAKE,train,fmrzjlkiql.mp4
dtzcznnnri.mp4,FAKE,train,vjydkkczpi.mp4
ghmdirbfiz.mp4,FAKE,train,ajwbewcmwi.mp4
ngmddfsssu.mp4,FAKE,train,wazeinvyng.mp4
vjydkkczpi.mp4,REAL,train,
sfxmqyoahx.mp4,FAKE,train,vpvuklgjyc.mp4
ptxmbsgifn.mp4,FAKE,train,webrimfvtt.mp4
dbxpzfbhsn.mp4,FAKE,train,uydlsvuore.mp4
llbticqvai.mp4,FAKE,train,rdtcetmywq.mp4
jipfjtgrqv.mp4,FAKE,train,xejqfnhojp.mp4
eorpfyvlok.mp4,REAL,train,
zeoqaqnejv.mp4,FAKE,train,cdpnnebwfa.mp4
ypkcxputdw.mp4,FAKE,train,ajwbewcmwi.mp4
fknnakjgzg.mp4,FAKE,train,cyeiqwpyxo.mp4
czftcuzylj.mp4,FAKE,train,eorlkzlhod.mp4
lamylbljvb.mp4,FAKE,train,ppdmldrwmq.mp4
woozbsrgad.mp4,FAKE,train,kqatztogld.mp4
dmfysraiiw.mp4,FAKE,train,ecpoizyscr.mp4
drunryhskx.mp4,FAKE,train,rjzvgihmuu.mp4
qlbfklnrfc.mp4,FAKE,train,kxchysmyhl.mp4
cnfcweqfvl.mp4,FAKE,train,adtavmdgvg.mp4
rzlvyzdosp.mp4,FAKE,train,efazuieysm.mp4
keckgmvewj.mp4,FAKE,train,fmrzjlkiql.mp4
ebmkpusppg.mp4,FAKE,train,eorlkzlhod.mp4
ievjqsivjx.mp4,REAL,train,
fpqcsldjwl.mp4,REAL,train,
ymbbsgxpvd.mp4,FAKE,train,tqpgqgxufi.mp4
vpvuklgjyc.mp4,REAL,train,
qgenivlwxx.mp4,FAKE,train,upphlazxcl.mp4
upphlazxcl.mp4,REAL,train,
abbhzhtjru.mp4,FAKE,train,baxpshhrhc.mp4
cxbsalbmst.mp4,FAKE,train,smehtpwbzy.mp4
khewuhkxrz.mp4,FAKE,train,eorlkzlhod.mp4
gfwuebiijb.mp4,FAKE,train,tqpgqgxufi.mp4
axutpjywuu.mp4,REAL,train,
loxrvukpvg.mp4,FAKE,train,ievjqsivjx.mp4
cqvglgkzui.mp4,FAKE,train,peqrlhqeuk.mp4
wyflzszarj.mp4,FAKE,train,lxadgjqzbf.mp4
weexsxqrfz.mp4,FAKE,train,qytaiboeep.mp4
uefibkzmxf.mp4,FAKE,train,sotclwmskg.mp4
xpdktunzqf.mp4,FAKE,train,fmrzjlkiql.mp4
afuvfbnutt.mp4,FAKE,train,bfmoopvnho.mp4
uydlsvuore.mp4,REAL,train,
rikiylalwk.mp4,FAKE,train,cjiwxfwcit.mp4
lhurhgpffk.mp4,FAKE,train,fhsopezelx.mp4
esxqgermfl.mp4,FAKE,train,cyeiqwpyxo.mp4
pwhfyhiylv.mp4,FAKE,train,rdtcetmywq.mp4
xgurqibwmy.mp4,FAKE,train,wazeinvyng.mp4
fjdbygjzfi.mp4,FAKE,train,zhwltzcxik.mp4
ptrminytzx.mp4,FAKE,train,kfzuekxbbb.mp4
iibfhdltcd.mp4,FAKE,train,cedpyannqf.mp4
sotclwmskg.mp4,REAL,train,
nmupmlzmld.mp4,FAKE,train,xxupwwukoh.mp4
voghvypasj.mp4,FAKE,train,gtyvtbojpp.mp4
fkneuizzgi.mp4,FAKE,train,fmrzjlkiql.mp4
hfurjnbjvj.mp4,FAKE,train,smehtpwbzy.mp4
ekvwqojmnz.mp4,FAKE,train,nqynuhnklk.mp4
eschwpqksb.mp4,FAKE,train,odmeoekpyu.mp4
kanfyaxyue.mp4,FAKE,train,cefolmrrlx.mp4
tayacfzhpw.mp4,FAKE,train,vgdllmzjcw.mp4
ppdmldrwmq.mp4,REAL,train,
wdjakibrey.mp4,REAL,train,
zzkfomgfoj.mp4,FAKE,train,bfkzrgovsv.mp4
joadtqvfwc.mp4,REAL,train,
nzzafcoiua.mp4,FAKE,train,htkszkediw.mp4
okiesquksn.mp4,FAKE,train,zhlhmvpugd.mp4
wfqcondnoq.mp4,FAKE,train,odmeoekpyu.mp4
ahbrmguujk.mp4,FAKE,train,vzbdwilegq.mp4
isijlzptfp.mp4,FAKE,train,jrmqsinefn.mp4
kdioikogxu.mp4,FAKE,train,kqatztogld.mp4
trdmmncyhp.mp4,FAKE,train,ppdmldrwmq.mp4
oqmwbfcejq.mp4,FAKE,train,jfkwkohdoc.mp4
qpzzzncyza.mp4,FAKE,train,vgdllmzjcw.mp4
depcrcqwai.mp4,FAKE,train,vpvuklgjyc.mp4
fzvhplfjna.mp4,FAKE,train,vpvuklgjyc.mp4
egfscjuldp.mp4,FAKE,train,slakzltuxq.mp4
omotodymgb.mp4,FAKE,train,uydlsvuore.mp4
vffcezqrqs.mp4,FAKE,train,yqahqscioc.mp4
ivxbutvlwk.mp4,FAKE,train,xktwgzpomg.mp4
cyfjdftqxg.mp4,FAKE,train,nqynuhnklk.mp4
uazxeiwcrh.mp4,FAKE,train,qoxjeaywhv.mp4
xktwgzpomg.mp4,REAL,train,
jdcoheaygf.mp4,FAKE,train,uydlsvuore.mp4
pluqjkqszt.mp4,FAKE,train,xktwgzpomg.mp4
blzmqourro.mp4,FAKE,train,rjzvgihmuu.mp4
ntdtubxayn.mp4,FAKE,train,joadtqvfwc.mp4
ohocbeznct.mp4,FAKE,train,wdjakibrey.mp4
xpndzhodlh.mp4,FAKE,train,ibxyizjjut.mp4
waoxgtosrb.mp4,FAKE,train,wazeinvyng.mp4
xirkoqnzjk.mp4,REAL,train,
utiephcocy.mp4,FAKE,train,slakzltuxq.mp4
iyheosista.mp4,FAKE,train,slakzltuxq.mp4
fassenuwad.mp4,FAKE,train,cyeiqwpyxo.mp4
yazfzhtmlj.mp4,FAKE,train,njewytntow.mp4
ztaitjogri.mp4,FAKE,train,cjiwxfwcit.mp4
suvvyowajw.mp4,FAKE,train,tqpgqgxufi.mp4
qycjisbrwf.mp4,FAKE,train,yebeeujegi.mp4
wqtkesdpqt.mp4,FAKE,train,eorpfyvlok.mp4
hdvrxlrnyk.mp4,FAKE,train,qjpjsbuowe.mp4
ifdiyylyow.mp4,FAKE,train,eorpfyvlok.mp4
obzdynopsw.mp4,FAKE,train,fpqcsldjwl.mp4
musytuwwhy.mp4,FAKE,train,rdtcetmywq.mp4
qywtzjmxlp.mp4,FAKE,train,cefolmrrlx.mp4
cjiwxfwcit.mp4,REAL,train,
cwzzqzmblh.mp4,FAKE,train,eorpfyvlok.mp4
lltnqnduyw.mp4,FAKE,train,jrmqsinefn.mp4
nemzrqisrf.mp4,REAL,train,
ixcguszlsk.mp4,FAKE,train,qytaiboeep.mp4
okxrmnqsjp.mp4,FAKE,train,owsesuawmk.mp4
vzbdwilegq.mp4,REAL,train,
etwpngxyoo.mp4,FAKE,train,wjjqqdrxyr.mp4
atyslhetzg.mp4,FAKE,train,peqrlhqeuk.mp4
webrimfvtt.mp4,REAL,train,
ngxfhthyol.mp4,FAKE,train,vqqibukdgb.mp4
ahhjoedhbf.mp4,FAKE,train,nqynuhnklk.mp4
avyxflippj.mp4,FAKE,train,kxchysmyhl.mp4
lbnuxynggy.mp4,FAKE,train,zhwltzcxik.mp4
ntssjzspmo.mp4,FAKE,train,vpvuklgjyc.mp4
rzjpckpslj.mp4,FAKE,train,gplcznqznv.mp4
ftxsiqlwtu.mp4,FAKE,train,xejqfnhojp.mp4
ujdpypuzmd.mp4,FAKE,train,wjjqqdrxyr.mp4
dnxpsqsuil.mp4,FAKE,train,ievjqsivjx.mp4
cglpyitrzw.mp4,FAKE,train,baxpshhrhc.mp4
yhsgsyogrl.mp4,FAKE,train,xirkoqnzjk.mp4
wigvufxjlt.mp4,FAKE,train,kxchysmyhl.mp4
kmflbaixsk.mp4,FAKE,train,eorlkzlhod.mp4
ihubnfhyuw.mp4,FAKE,train,slakzltuxq.mp4
gbinyqapyk.mp4,FAKE,train,ozgcmnllow.mp4
sivnraghku.mp4,FAKE,train,cwxrlwltie.mp4
gddtghkyjl.mp4,FAKE,train,uydlsvuore.mp4
uwhdqtpvfw.mp4,FAKE,train,imwxooampn.mp4
juzhmqbiwn.mp4,FAKE,train,nemzrqisrf.mp4
oggjtmpnrb.mp4,FAKE,train,scxrwnofhb.mp4
yjuelgwmiy.mp4,FAKE,train,webrimfvtt.mp4
hbozjjcafn.mp4,FAKE,train,wjjqqdrxyr.mp4
kdcmnzjbzk.mp4,REAL,train,
hmhnfzfrro.mp4,FAKE,train,nemzrqisrf.mp4
mnzqivjzco.mp4,FAKE,train,cedpyannqf.mp4
adtavmdgvg.mp4,REAL,train,
pxikipycvd.mp4,FAKE,train,wazeinvyng.mp4
fwrsclmglu.mp4,FAKE,train,ibxyizjjut.mp4
wfkxfzpglp.mp4,FAKE,train,upphlazxcl.mp4
ibxyizjjut.mp4,REAL,train,
ehtvcnlsfl.mp4,FAKE,train,bfmoopvnho.mp4
uxnxhvsyoi.mp4,FAKE,train,cdpnnebwfa.mp4
tjlrvidbxw.mp4,FAKE,train,eorlkzlhod.mp4
uutbvtpkfc.mp4,FAKE,train,kxchysmyhl.mp4
mzadezhlir.mp4,FAKE,train,ajwbewcmwi.mp4
cwxrlwltie.mp4,REAL,train,
uxdilljouv.mp4,FAKE,train,eorpfyvlok.mp4
kvlfhklrua.mp4,FAKE,train,bfkzrgovsv.mp4
bkoeppigdz.mp4,FAKE,train,zhwltzcxik.mp4
bnjdaskseq.mp4,FAKE,train,cwxrlwltie.mp4
zhwltzcxik.mp4,REAL,train,
kpkzqbpivj.mp4,FAKE,train,eorpfyvlok.mp4
vtwxyegbsh.mp4,FAKE,train,fmrzjlkiql.mp4
aeqslfyyih.mp4,FAKE,train,joadtqvfwc.mp4
qipvtesjat.mp4,FAKE,train,ajwbewcmwi.mp4
qozzzicozo.mp4,FAKE,train,slakzltuxq.mp4
smuhnskvma.mp4,FAKE,train,sotclwmskg.mp4
soamkgxcum.mp4,FAKE,train,kqatztogld.mp4
mioqwrvlqh.mp4,FAKE,train,vzbdwilegq.mp4
mkmmotqjcn.mp4,FAKE,train,xktwgzpomg.mp4
oktclksytw.mp4,FAKE,train,rdtcetmywq.mp4
jxawzdqlam.mp4,FAKE,train,cedpyannqf.mp4
vrisbopsgt.mp4,FAKE,train,ujhjgutsfc.mp4
rimccnquim.mp4,FAKE,train,nqynuhnklk.mp4
ztdqyxpoaq.mp4,FAKE,train,ozgcmnllow.mp4
dzztxvsixn.mp4,FAKE,train,yebeeujegi.mp4
imwxooampn.mp4,REAL,train,
danuecrfoy.mp4,FAKE,train,xirkoqnzjk.mp4
psllfggoyy.mp4,FAKE,train,axutpjywuu.mp4
dfjeslbxar.mp4,FAKE,train,qbearsyziz.mp4
tedztempns.mp4,FAKE,train,fmrzjlkiql.mp4
swhkpualmx.mp4,FAKE,train,rdtcetmywq.mp4
cfnbltpvbr.mp4,FAKE,train,ecpoizyscr.mp4
exnxonosso.mp4,FAKE,train,eorlkzlhod.mp4
yycuunghpn.mp4,FAKE,train,efazuieysm.mp4
keafxnhakm.mp4,FAKE,train,ujhjgutsfc.mp4
nxczwowbna.mp4,FAKE,train,vgdllmzjcw.mp4
pwyouvrckw.mp4,FAKE,train,vqqibukdgb.mp4
raekzabcrw.mp4,FAKE,train,sotclwmskg.mp4
mkbrhmeogy.mp4,FAKE,train,kfzuekxbbb.mp4
qmggllewyw.mp4,FAKE,train,gtyvtbojpp.mp4
rjzvgihmuu.mp4,REAL,train,
sijizvyfxi.mp4,REAL,train,
zrobwltwxr.mp4,FAKE,train,hpjecyfqrx.mp4
geyfnxroex.mp4,FAKE,train,fhsopezelx.mp4
uhvmrfksax.mp4,FAKE,train,kfzuekxbbb.mp4
qqdrmpzcqr.mp4,FAKE,train,htkszkediw.mp4
psxrqbfwyw.mp4,FAKE,train,nemzrqisrf.mp4
btootkmwxu.mp4,FAKE,train,scxrwnofhb.mp4
fhsopezelx.mp4,REAL,train,
qngaddilqt.mp4,FAKE,train,htkszkediw.mp4
hvzbxqeisd.mp4,FAKE,train,zhlhmvpugd.mp4
cxeyiytudt.mp4,FAKE,train,rjzvgihmuu.mp4
eorlkzlhod.mp4,REAL,train,
plkliodisu.mp4,FAKE,train,njewytntow.mp4
xejqfnhojp.mp4,REAL,train,
kqatztogld.mp4,REAL,train,
judijcrqow.mp4,FAKE,train,ppdmldrwmq.mp4
fsdzaamgvj.mp4,FAKE,train,qjpjsbuowe.mp4
isenrfjdku.mp4,FAKE,train,adtavmdgvg.mp4
hcwiusyvox.mp4,FAKE,train,rjzvgihmuu.mp4
ydbjaimikq.mp4,FAKE,train,zhwltzcxik.mp4
rlvsrjqfey.mp4,FAKE,train,bfmoopvnho.mp4
iorhxrlbuy.mp4,FAKE,train,fpqcsldjwl.mp4
xqyhzrdoie.mp4,FAKE,train,rdtcetmywq.mp4
ykdqxidoav.mp4,FAKE,train,adtavmdgvg.mp4
baxpshhrhc.mp4,REAL,train,
gvyvbdlfap.mp4,FAKE,train,rjzvgihmuu.mp4
ghhusaytrg.mp4,FAKE,train,rjzvgihmuu.mp4
cixsuhxaot.mp4,FAKE,train,wjjqqdrxyr.mp4
rsughpanho.mp4,FAKE,train,zhlhmvpugd.mp4
vfjearzksp.mp4,FAKE,train,efazuieysm.mp4
ixmkyvkxxd.mp4,FAKE,train,xirkoqnzjk.mp4
ahpomwuuqc.mp4,FAKE,train,ievjqsivjx.mp4
cedpyannqf.mp4,REAL,train,
dvcioruqyy.mp4,FAKE,train,fhsopezelx.mp4
yyaicxrixg.mp4,FAKE,train,cdpnnebwfa.mp4
etvagcrift.mp4,FAKE,train,vjydkkczpi.mp4
naatucffzt.mp4,FAKE,train,bfkzrgovsv.mp4
yriiyaabau.mp4,FAKE,train,qjpjsbuowe.mp4
rkbwhvciej.mp4,FAKE,train,tqpgqgxufi.mp4
ttparldmom.mp4,FAKE,train,ibxyizjjut.mp4
gtyvtbojpp.mp4,REAL,train,
lpitjxhwfv.mp4,FAKE,train,ujhjgutsfc.mp4
jcpcvrmtwj.mp4,FAKE,train,slakzltuxq.mp4
vziiorztkr.mp4,FAKE,train,nhshcfhcxe.mp4
mbwmerbjap.mp4,FAKE,train,sijizvyfxi.mp4
tbklxweian.mp4,FAKE,train,qkromhcvfm.mp4
wrdjjrakfj.mp4,FAKE,train,ajwbewcmwi.mp4
uzcnpkyrjh.mp4,FAKE,train,vgdllmzjcw.mp4
ncgqhseegh.mp4,FAKE,train,gtyvtbojpp.mp4
swmxertoxu.mp4,FAKE,train,ajwbewcmwi.mp4
sjweineqiv.mp4,FAKE,train,ievjqsivjx.mp4
vqqibukdgb.mp4,REAL,train,
saudnnetmi.mp4,FAKE,train,gtyvtbojpp.mp4
eeaowdnspv.mp4,FAKE,train,xxupwwukoh.mp4
szabeuxytk.mp4,FAKE,train,rkbrbxhywo.mp4
cdpnnebwfa.mp4,REAL,train,
qqraqwhjoh.mp4,FAKE,train,fpqcsldjwl.mp4
qznhyuycnu.mp4,FAKE,train,owsesuawmk.mp4
balgcurscn.mp4,FAKE,train,ppdmldrwmq.mp4
zcgxoriyrl.mp4,FAKE,train,cjiwxfwcit.mp4
qgzsxiivsh.mp4,FAKE,train,gplcznqznv.mp4
vmdenkmlhi.mp4,FAKE,train,lxadgjqzbf.mp4
ijecyudlvs.mp4,FAKE,train,qjpjsbuowe.mp4
gtfqrajodf.mp4,FAKE,train,lxadgjqzbf.mp4
fjnetcxhnu.mp4,FAKE,train,sotclwmskg.mp4
uxalgdwabq.mp4,FAKE,train,eeldudssre.mp4
msrspqaogq.mp4,FAKE,train,cefolmrrlx.mp4
nqynuhnklk.mp4,REAL,train,
ksgxhtgsjf.mp4,FAKE,train,lxadgjqzbf.mp4
xulzcoybqe.mp4,FAKE,train,tqpgqgxufi.mp4
ntwgdzmyas.mp4,FAKE,train,hpjecyfqrx.mp4
yqahqscioc.mp4,REAL,train,
eycwvdpqbo.mp4,FAKE,train,sijizvyfxi.mp4
zlagymkquj.mp4,FAKE,train,adtavmdgvg.mp4
occmsbebjn.mp4,FAKE,train,sijizvyfxi.mp4
pqkacknadd.mp4,FAKE,train,odmeoekpyu.mp4
ooiuejetdr.mp4,FAKE,train,xxupwwukoh.mp4
ohbausoxyg.mp4,FAKE,train,djhhnixfyi.mp4
lazyofgcmi.mp4,FAKE,train,ievjqsivjx.mp4
djhhnixfyi.mp4,REAL,train,
uwwqocrypp.mp4,FAKE,train,qoxjeaywhv.mp4
hpjecyfqrx.mp4,REAL,train,
buuxmgfpny.mp4,FAKE,train,eeldudssre.mp4
mtopuhuqsu.mp4,FAKE,train,vqqibukdgb.mp4
kzyswcsexk.mp4,FAKE,train,qkromhcvfm.mp4
elqbvncdpe.mp4,FAKE,train,eorlkzlhod.mp4
qkxwgctvyr.mp4,FAKE,train,peqrlhqeuk.mp4
aagundkpoh.mp4,FAKE,train,yebeeujegi.mp4
rxrumdpwzr.mp4,FAKE,train,ibxyizjjut.mp4
agayctninz.mp4,FAKE,train,wjjqqdrxyr.mp4
pomoerfbhi.mp4,FAKE,train,wazeinvyng.mp4
huzpmegfxj.mp4,FAKE,train,fmrzjlkiql.mp4
sllwodvjum.mp4,FAKE,train,ujhjgutsfc.mp4
hczoakrfld.mp4,FAKE,train,kxchysmyhl.mp4
sjdirrbrkl.mp4,FAKE,train,owsesuawmk.mp4
jikswtkmeg.mp4,FAKE,train,kdcmnzjbzk.mp4
fcrwgettrv.mp4,FAKE,train,kqatztogld.mp4
wyndqysgnt.mp4,FAKE,train,zhwltzcxik.mp4
zrmgkutivc.mp4,FAKE,train,sotclwmskg.mp4
zsxcsmlaao.mp4,FAKE,train,jfkwkohdoc.mp4
bdstpdunks.mp4,FAKE,train,yqahqscioc.mp4
hrchuhybuy.mp4,FAKE,train,kdcmnzjbzk.mp4
hfhuzaukrl.mp4,FAKE,train,sijizvyfxi.mp4
cppaigkyae.mp4,FAKE,train,djhhnixfyi.mp4
egcliesbel.mp4,FAKE,train,hpjecyfqrx.mp4
zrzhvfiwbq.mp4,FAKE,train,lxadgjqzbf.mp4
owsesuawmk.mp4,REAL,train,
tkzxqyoiue.mp4,FAKE,train,vgdllmzjcw.mp4
sxztqqxouc.mp4,FAKE,train,bfkzrgovsv.mp4
devefnvbbj.mp4,FAKE,train,wjjqqdrxyr.mp4
pkfucuczdu.mp4,FAKE,train,fpqcsldjwl.mp4
jxsdqoixva.mp4,FAKE,train,sijizvyfxi.mp4
hppwmqphfq.mp4,FAKE,train,kdcmnzjbzk.mp4
fvygagxyuk.mp4,FAKE,train,webrimfvtt.mp4
jchwzgkjbn.mp4,FAKE,train,yebeeujegi.mp4
ohmfaexocy.mp4,FAKE,train,cyeiqwpyxo.mp4
yufwsiphvi.mp4,FAKE,train,zhwltzcxik.mp4
yoojgzabto.mp4,FAKE,train,tqpgqgxufi.mp4
utuyrqozse.mp4,FAKE,train,rdtcetmywq.mp4
nlcvvunqdl.mp4,FAKE,train,djhhnixfyi.mp4
mzovnxbrnd.mp4,FAKE,train,uydlsvuore.mp4
kxchysmyhl.mp4,REAL,train,
sxfxiyffyj.mp4,FAKE,train,cwxrlwltie.mp4
wibvzcwsed.mp4,FAKE,train,wdjakibrey.mp4
fmrzjlkiql.mp4,REAL,train,
rnrcrhiqqw.mp4,FAKE,train,jfkwkohdoc.mp4
efazuieysm.mp4,REAL,train,
jrstztoybc.mp4,FAKE,train,qjpjsbuowe.mp4
tzhvatiemi.mp4,FAKE,train,upphlazxcl.mp4
nybbxyzmox.mp4,FAKE,train,bfmoopvnho.mp4
pwbegjvvgm.mp4,FAKE,train,cefolmrrlx.mp4
hvkcuhyedq.mp4,FAKE,train,wdjakibrey.mp4
tffoedqaxq.mp4,FAKE,train,fpqcsldjwl.mp4
oyustpaaex.mp4,FAKE,train,fpqcsldjwl.mp4
oetaeitgsz.mp4,FAKE,train,bfmoopvnho.mp4
tfifxsnqyo.mp4,FAKE,train,cdpnnebwfa.mp4
hkkjpsnyoj.mp4,FAKE,train,joadtqvfwc.mp4
cfogjeundg.mp4,FAKE,train,vpvuklgjyc.mp4
igguzxdchx.mp4,FAKE,train,yqahqscioc.mp4
ecmqlztklx.mp4,FAKE,train,upphlazxcl.mp4
xxsknooffv.mp4,FAKE,train,vjydkkczpi.mp4
sqsbuaptuj.mp4,FAKE,train,yqahqscioc.mp4
pzcglyxlwk.mp4,FAKE,train,vpvuklgjyc.mp4
dagnyzbyvf.mp4,FAKE,train,ydtqmvjoih.mp4
qgwzddqsxa.mp4,FAKE,train,imwxooampn.mp4
ykqyzktvdj.mp4,FAKE,train,baxpshhrhc.mp4
wukxigivxf.mp4,FAKE,train,bfkzrgovsv.mp4
xscdjswpeu.mp4,FAKE,train,axutpjywuu.mp4
uzrejiuxtl.mp4,FAKE,train,ibxyizjjut.mp4
rkbrbxhywo.mp4,REAL,train,
afixxjdxef.mp4,FAKE,train,djhhnixfyi.mp4
gcoowkrfnv.mp4,FAKE,train,cedpyannqf.mp4
erkllhrjkt.mp4,FAKE,train,ydtqmvjoih.mp4
njewytntow.mp4,REAL,train,
aneiwfhzlo.mp4,FAKE,train,ecpoizyscr.mp4
wpxicijtgk.mp4,FAKE,train,vpvuklgjyc.mp4
kaxyvhnwao.mp4,FAKE,train,eeldudssre.mp4
xdsantjnmg.mp4,FAKE,train,bfmoopvnho.mp4
nmyfrxeqko.mp4,FAKE,train,kfzuekxbbb.mp4
zihexottdz.mp4,FAKE,train,xktwgzpomg.mp4
sdcpxweghq.mp4,FAKE,train,slakzltuxq.mp4
unnxrzsion.mp4,FAKE,train,vqqibukdgb.mp4
vxkzaoklbk.mp4,FAKE,train,kdcmnzjbzk.mp4
yalrrtbrte.mp4,FAKE,train,joadtqvfwc.mp4
azzpwoedpk.mp4,FAKE,train,adtavmdgvg.mp4
vwhmbabhdb.mp4,FAKE,train,jrmqsinefn.mp4
xhwesgeatq.mp4,FAKE,train,bfkzrgovsv.mp4
nifgzvkblp.mp4,FAKE,train,qkromhcvfm.mp4
cwcdlmovnm.mp4,FAKE,train,fmrzjlkiql.mp4
ofgbvjcxuw.mp4,FAKE,train,lxadgjqzbf.mp4
ujhjgutsfc.mp4,REAL,train,
jlzlqfqitl.mp4,FAKE,train,xxupwwukoh.mp4
oelwmyflfz.mp4,FAKE,train,vjydkkczpi.mp4
pdqqkuclvd.mp4,FAKE,train,nemzrqisrf.mp4
wnmgokszin.mp4,FAKE,train,ozgcmnllow.mp4
blcpogyffx.mp4,FAKE,train,htkszkediw.mp4
etioprbaww.mp4,FAKE,train,wdjakibrey.mp4
qdalidxckj.mp4,FAKE,train,zhwltzcxik.mp4
gwcackkeyx.mp4,FAKE,train,wazeinvyng.mp4
frkaigebav.mp4,FAKE,train,sijizvyfxi.mp4
mbucjikddn.mp4,FAKE,train,vjydkkczpi.mp4
rkdfqxsjfi.mp4,FAKE,train,cefolmrrlx.mp4
dtmboydqqu.mp4,FAKE,train,hpjecyfqrx.mp4
gvoovcgcbs.mp4,FAKE,train,kqatztogld.mp4
uumxnzjpzk.mp4,FAKE,train,nhshcfhcxe.mp4
ebavidcenm.mp4,FAKE,train,sijizvyfxi.mp4
hiiqeoftgd.mp4,FAKE,train,vqqibukdgb.mp4
qkhwkgevey.mp4,FAKE,train,upphlazxcl.mp4
tqpgqgxufi.mp4,REAL,train,
myzrrktppy.mp4,FAKE,train,yqahqscioc.mp4
oejowaknsm.mp4,FAKE,train,qbearsyziz.mp4
vtqfqmnrly.mp4,FAKE,train,wjjqqdrxyr.mp4
czjyavzouv.mp4,FAKE,train,ujhjgutsfc.mp4
hawpexvrwr.mp4,FAKE,train,htkszkediw.mp4
pnpssuckje.mp4,FAKE,train,zhlhmvpugd.mp4
qoxjeaywhv.mp4,REAL,train,
odmeoekpyu.mp4,REAL,train,
ozapryfofz.mp4,FAKE,train,rkbrbxhywo.mp4
cyeiqwpyxo.mp4,REAL,train,
gxeogmuaiz.mp4,FAKE,train,smehtpwbzy.mp4
ijpxswghyk.mp4,FAKE,train,sijizvyfxi.mp4
gsezfytakx.mp4,FAKE,train,ydtqmvjoih.mp4
tizglmxtyw.mp4,FAKE,train,eeldudssre.mp4
kigbymagcu.mp4,FAKE,train,nhshcfhcxe.mp4
txrsqajykv.mp4,FAKE,train,ibxyizjjut.mp4
jhtphsligx.mp4,FAKE,train,vqqibukdgb.mp4
xykgsbirag.mp4,FAKE,train,owsesuawmk.mp4
scdqcszlpq.mp4,FAKE,train,qkromhcvfm.mp4
awxzireppb.mp4,FAKE,train,nqynuhnklk.mp4
wiouwlashq.mp4,FAKE,train,uydlsvuore.mp4
uuhzxllyug.mp4,FAKE,train,odmeoekpyu.mp4
jrmqsinefn.mp4,REAL,train,
zwvwkydfnp.mp4,FAKE,train,efazuieysm.mp4
zsscrtsmbe.mp4,FAKE,train,ujhjgutsfc.mp4
ghacquqxvk.mp4,FAKE,train,qoxjeaywhv.mp4
otmarvtrrk.mp4,FAKE,train,qkromhcvfm.mp4
rwauburhbs.mp4,FAKE,train,xejqfnhojp.mp4
stehhhvplr.mp4,FAKE,train,ozgcmnllow.mp4
pfvynemzlz.mp4,FAKE,train,xejqfnhojp.mp4
qerzuiktae.mp4,FAKE,train,scxrwnofhb.mp4
ycnsgvbwpz.mp4,FAKE,train,gplcznqznv.mp4
tlnpnxtbqu.mp4,FAKE,train,kxchysmyhl.mp4
eitzzrryrp.mp4,FAKE,train,nqynuhnklk.mp4
cjrxquwhtp.mp4,FAKE,train,efazuieysm.mp4
bvylomlyys.mp4,FAKE,train,xirkoqnzjk.mp4
jchzhrmmuk.mp4,FAKE,train,nhshcfhcxe.mp4
uthdefddbm.mp4,FAKE,train,rjzvgihmuu.mp4
ojdeleaqdr.mp4,FAKE,train,efazuieysm.mp4
yebeeujegi.mp4,REAL,train,
ojxeusdtmm.mp4,FAKE,train,qytaiboeep.mp4
wnbuoyuevf.mp4,FAKE,train,vqqibukdgb.mp4
ixcrtusrfi.mp4,FAKE,train,ievjqsivjx.mp4
lhimehjcrv.mp4,FAKE,train,odmeoekpyu.mp4
eqxqgckeaa.mp4,FAKE,train,adtavmdgvg.mp4
omlsbyypkr.mp4,FAKE,train,qkromhcvfm.mp4
ppbuvsygxv.mp4,FAKE,train,rjzvgihmuu.mp4
nkxybyoptw.mp4,FAKE,train,vzbdwilegq.mp4
shzhktkbvn.mp4,FAKE,train,webrimfvtt.mp4
sxgvftmczr.mp4,FAKE,train,wazeinvyng.mp4
xxupwwukoh.mp4,REAL,train,
tdvtkdcwwg.mp4,FAKE,train,qbearsyziz.mp4
benkzrmryl.mp4,FAKE,train,ajwbewcmwi.mp4
jjdpjztgcz.mp4,FAKE,train,qbearsyziz.mp4
htkszkediw.mp4,REAL,train,
hjnhwpnuwm.mp4,FAKE,train,fhsopezelx.mp4
uannnudkig.mp4,FAKE,train,xxupwwukoh.mp4
stbgmbcqid.mp4,FAKE,train,fpqcsldjwl.mp4
mhthibxczx.mp4,FAKE,train,axutpjywuu.mp4
yzvalquhwx.mp4,FAKE,train,wjjqqdrxyr.mp4
fgwnqpoakk.mp4,FAKE,train,bfmoopvnho.mp4
usuiydeyqr.mp4,FAKE,train,axutpjywuu.mp4
lkqhtjxacz.mp4,FAKE,train,eorpfyvlok.mp4
kxocuspfpu.mp4,FAKE,train,xejqfnhojp.mp4
efekpstvwa.mp4,FAKE,train,htkszkediw.mp4
cefolmrrlx.mp4,REAL,train,
yvxwnqzgmy.mp4,FAKE,train,yebeeujegi.mp4
bwuvkociif.mp4,FAKE,train,ajwbewcmwi.mp4
jlqarzddeg.mp4,FAKE,train,xirkoqnzjk.mp4
xupovjjbfl.mp4,FAKE,train,vgdllmzjcw.mp4
qytaiboeep.mp4,REAL,train,
cvdpjordgi.mp4,FAKE,train,qbearsyziz.mp4
ssbzkbrcto.mp4,FAKE,train,lxadgjqzbf.mp4
xtzrubsyub.mp4,FAKE,train,zhlhmvpugd.mp4
ixbbqxbrci.mp4,FAKE,train,fhsopezelx.mp4
kzjtxcefds.mp4,FAKE,train,peqrlhqeuk.mp4
qztngflhgi.mp4,FAKE,train,webrimfvtt.mp4
iitkiiwmyx.mp4,FAKE,train,xirkoqnzjk.mp4
ijnlvfbgww.mp4,FAKE,train,qbearsyziz.mp4
smehtpwbzy.mp4,REAL,train,
zljngnguuo.mp4,FAKE,train,ujhjgutsfc.mp4
npfftxegxs.mp4,FAKE,train,ydtqmvjoih.mp4
dlvuwljayy.mp4,FAKE,train,njewytntow.mp4
rlwafcctmp.mp4,FAKE,train,ppdmldrwmq.mp4
nuwznpojpl.mp4,FAKE,train,imwxooampn.mp4
abzkaeazro.mp4,FAKE,train,yqahqscioc.mp4
zlbwmqopvp.mp4,FAKE,train,nemzrqisrf.mp4
jaqgccovpn.mp4,FAKE,train,djhhnixfyi.mp4
vrkajpyygi.mp4,FAKE,train,sccqbzyikm.mp4
xgqqsfmosk.mp4,FAKE,train,fbrnkwsgrh.mp4
nxtsawqotg.mp4,REAL,train,
fqhodbgbti.mp4,FAKE,train,fwrcfaglhz.mp4
rixhcjkapl.mp4,FAKE,train,nfckwrsfif.mp4
sccqbzyikm.mp4,REAL,train,
dehhyjdoal.mp4,FAKE,train,inyptqqeru.mp4
vocjacgxzv.mp4,REAL,train,
iidxfdoplp.mp4,FAKE,train,klqllljjkm.mp4
wethlpqjfq.mp4,FAKE,train,ymngcysczs.mp4
jsujujzxqn.mp4,FAKE,train,dopcoxsotn.mp4
yyumjpupnm.mp4,FAKE,train,limkffcjki.mp4
uvfybmqdxc.mp4,FAKE,train,lopwqbglmi.mp4
wbvlgevkmb.mp4,FAKE,train,yeotajbmun.mp4
ehlzgsgrgm.mp4,FAKE,train,hxahnhbnrz.mp4
anfupdhmyr.mp4,FAKE,train,uodarndzsb.mp4
tmefslcfod.mp4,FAKE,train,xhgsjkwadd.mp4
inyptqqeru.mp4,REAL,train,
tvleyudzsu.mp4,FAKE,train,uvyxhwohay.mp4
vdriwbzkqt.mp4,FAKE,train,mgyyyryhbf.mp4
dxlytaxhoe.mp4,FAKE,train,uyzvpvxclu.mp4
orueinhrhh.mp4,FAKE,train,xiircvqmne.mp4
vwigrbqwbf.mp4,FAKE,train,topxckuyhd.mp4
yoicqcpxgm.mp4,FAKE,train,inyptqqeru.mp4
hsfrlqoezc.mp4,FAKE,train,pjnsejazpl.mp4
etaxwwpsls.mp4,REAL,train,
obnnyjtchk.mp4,FAKE,train,aqsjhodxqh.mp4
vcxjnsrgqh.mp4,FAKE,train,aqsjhodxqh.mp4
masczbqcsi.mp4,FAKE,train,famavifufv.mp4
ibusijathj.mp4,FAKE,train,idwhtnofel.mp4
oacngxsqxf.mp4,FAKE,train,ymngcysczs.mp4
qrgilgikga.mp4,FAKE,train,pjnsejazpl.mp4
dnmgjhucsj.mp4,FAKE,train,iibdamwadw.mp4
ypjqupfwcz.mp4,FAKE,train,gzvsihgvyu.mp4
dopcoxsotn.mp4,REAL,train,
bcownucjtw.mp4,FAKE,train,nthlmvjxac.mp4
xyyiqjttzz.mp4,FAKE,train,abjqjcvhwe.mp4
bfljjbavig.mp4,FAKE,train,trvqryiuqr.mp4
fqngozhtfk.mp4,FAKE,train,wiastkfeee.mp4
dpgxrxlmqj.mp4,FAKE,train,xrugmaiubc.mp4
gkhwrqguzw.mp4,FAKE,train,qfzylqortq.mp4
qkhqtedugp.mp4,FAKE,train,limkffcjki.mp4
nigngkzouh.mp4,FAKE,train,yuqdwjizdb.mp4
agtxxhgqyw.mp4,FAKE,train,sccqbzyikm.mp4
nyduwflrzb.mp4,FAKE,train,yuqdwjizdb.mp4
xkxhviuxjp.mp4,FAKE,train,sxmqvznwwq.mp4
pnghtmxjhy.mp4,FAKE,train,bhpddnqauc.mp4
txzzgoudlf.mp4,FAKE,train,julfellhdf.mp4
arjdbfrxvu.mp4,FAKE,train,sxmqvznwwq.mp4
yvfoaoiclp.mp4,REAL,train,
ujfebxyvdr.mp4,FAKE,train,pjnsejazpl.mp4
zldzjidexf.mp4,FAKE,train,heldbzescf.mp4
hnnlcrqfpf.mp4,REAL,train,
gzvsihgvyu.mp4,REAL,train,
qorxoylihq.mp4,FAKE,train,vocjacgxzv.mp4
fhbajybgmi.mp4,FAKE,train,tskjnnvjsa.mp4
qqvdlzfqib.mp4,FAKE,train,tmgmbnzrrz.mp4
xrugmaiubc.mp4,REAL,train,
uvyxhwohay.mp4,REAL,train,
zrvkvihvyc.mp4,FAKE,train,xrugmaiubc.mp4
awgdlcpsot.mp4,FAKE,train,yuqdwjizdb.mp4
orhpztubzy.mp4,FAKE,train,xrugmaiubc.mp4
ajxzupgmgo.mp4,FAKE,train,yeotajbmun.mp4
ppwpmbboyj.mp4,FAKE,train,zefqhoewww.mp4
ualxzvqonf.mp4,FAKE,train,xrugmaiubc.mp4
tzgaghfpww.mp4,FAKE,train,bhpddnqauc.mp4
poymvdmdpq.mp4,FAKE,train,kgynainlug.mp4
luwesgqxzv.mp4,FAKE,train,aqsjhodxqh.mp4
lcipixrtmn.mp4,FAKE,train,clxgzkdgta.mp4
xphgsrhcev.mp4,FAKE,train,nthlmvjxac.mp4
efjtzmmzrw.mp4,REAL,train,
omttirmjex.mp4,FAKE,train,fwrcfaglhz.mp4
zizmgdoifm.mp4,FAKE,train,efjtzmmzrw.mp4
wpfervugdg.mp4,FAKE,train,hbouvodtjy.mp4
jjzhotwzlf.mp4,FAKE,train,gmbckelbzp.mp4
xhtmrlavkq.mp4,FAKE,train,favrjgshqi.mp4
twsijynhay.mp4,FAKE,train,uodarndzsb.mp4
qfjsamulau.mp4,FAKE,train,heldbzescf.mp4
uodarndzsb.mp4,REAL,train,
yopculwqir.mp4,FAKE,train,qtxraeaxeh.mp4
onaewxqqkd.mp4,FAKE,train,qtxraeaxeh.mp4
mdbszcqwko.mp4,FAKE,train,cikibrhzja.mp4
ygggyeltxz.mp4,FAKE,train,yuqdwjizdb.mp4
ibbcanpfpz.mp4,FAKE,train,uvyxhwohay.mp4
mbkhcoezpn.mp4,FAKE,train,sxmqvznwwq.mp4
clxgzkdgta.mp4,REAL,train,
glzyifzrql.mp4,FAKE,train,csqbebvoxt.mp4
fbrnkwsgrh.mp4,REAL,train,
hcnkuzygbp.mp4,FAKE,train,xhgsjkwadd.mp4
fmklixparn.mp4,FAKE,train,nxtsawqotg.mp4
gpclcokcfx.mp4,FAKE,train,tmgmbnzrrz.mp4
euavixhbsq.mp4,FAKE,train,qguojjuoik.mp4
mwmetnjqvs.mp4,FAKE,train,efjtzmmzrw.mp4
qkicqzirnd.mp4,FAKE,train,uodarndzsb.mp4
svqrpveliu.mp4,FAKE,train,julfellhdf.mp4
ngnhfloutm.mp4,FAKE,train,xroslebnzu.mp4
vawotznxqn.mp4,FAKE,train,efjtzmmzrw.mp4
wymxeiqssm.mp4,FAKE,train,dopcoxsotn.mp4
scvkxznabj.mp4,FAKE,train,idwhtnofel.mp4
giymbyjqgv.mp4,FAKE,train,famavifufv.mp4
wgsfaaxkae.mp4,FAKE,train,inyptqqeru.mp4
mdtjdusycf.mp4,FAKE,train,uvyxhwohay.mp4
whqjqnbivg.mp4,FAKE,train,tskjnnvjsa.mp4
fwrcfaglhz.mp4,REAL,train,
cqxqzzfrox.mp4,FAKE,train,hnnlcrqfpf.mp4
yhivypatjc.mp4,FAKE,train,klqllljjkm.mp4
nxxktzrwie.mp4,FAKE,train,abjqjcvhwe.mp4
rrnkukxlax.mp4,FAKE,train,kdowsulnwf.mp4
mvhrhcbgwk.mp4,FAKE,train,zefqhoewww.mp4
mlpdsknnzu.mp4,FAKE,train,mgyyyryhbf.mp4
xiayholmqs.mp4,FAKE,train,bkewppansb.mp4
gwaoeruqxm.mp4,FAKE,train,fbrnkwsgrh.mp4
uxpimdnggv.mp4,FAKE,train,heldbzescf.mp4
iuujqumhwm.mp4,FAKE,train,lopwqbglmi.mp4
xvmqbqczbc.mp4,FAKE,train,qvngqavofg.mp4
etgmmymetr.mp4,FAKE,train,nfckwrsfif.mp4
lopwqbglmi.mp4,REAL,train,
klotqkivfv.mp4,FAKE,train,dlfjgxzokr.mp4
apmytvgnaj.mp4,FAKE,train,xjinzawywt.mp4
idblbloesr.mp4,FAKE,train,dopcoxsotn.mp4
rumvwwwvam.mp4,FAKE,train,dvtfjdkanq.mp4
kxnsmwhqtl.mp4,FAKE,train,wiastkfeee.mp4
chqleyudul.mp4,FAKE,train,kgynainlug.mp4
eicngtwvoh.mp4,REAL,train,
wuusthsvhm.mp4,FAKE,train,hbouvodtjy.mp4
gureoksscs.mp4,FAKE,train,nthlmvjxac.mp4
ouqqbpbakd.mp4,FAKE,train,hxahnhbnrz.mp4
wgbbuxfsoe.mp4,FAKE,train,xjinzawywt.mp4
dyzlyeclbs.mp4,FAKE,train,pjnsejazpl.mp4
nhwzdmqtbf.mp4,FAKE,train,vocjacgxzv.mp4
hbouvodtjy.mp4,REAL,train,
pkmqgnveoy.mp4,FAKE,train,fbrnkwsgrh.mp4
yasxapunrf.mp4,FAKE,train,klqllljjkm.mp4
vcqcervdzi.mp4,FAKE,train,iueelzuywc.mp4
mczlxyhthe.mp4,FAKE,train,hbouvodtjy.mp4
yzvucgxcan.mp4,FAKE,train,uyzvpvxclu.mp4
qiqieplpxn.mp4,FAKE,train,gmbckelbzp.mp4
fthbksnfqm.mp4,FAKE,train,gmbckelbzp.mp4
jjgtlwcvcd.mp4,FAKE,train,klqllljjkm.mp4
twhwouycfg.mp4,FAKE,train,iibdamwadw.mp4
rweaihhmdc.mp4,FAKE,train,fwrcfaglhz.mp4
izvqobjehj.mp4,FAKE,train,tskjnnvjsa.mp4
purxqukfuh.mp4,FAKE,train,tmgmbnzrrz.mp4
aybxejnqxn.mp4,FAKE,train,yvfoaoiclp.mp4
ujbqwvaack.mp4,FAKE,train,ymngcysczs.mp4
kefrpktrjt.mp4,FAKE,train,dopcoxsotn.mp4
yklprotsym.mp4,FAKE,train,gmbckelbzp.mp4
hcawzoysam.mp4,FAKE,train,lopwqbglmi.mp4
agmnmsiywb.mp4,FAKE,train,uyzvpvxclu.mp4
imsssnmbdh.mp4,FAKE,train,kgynainlug.mp4
topxckuyhd.mp4,REAL,train,
zogziyczxe.mp4,FAKE,train,uyzvpvxclu.mp4
eqnmiwvxow.mp4,FAKE,train,xiqecarvpb.mp4
ascrpmppub.mp4,FAKE,train,kdowsulnwf.mp4
julfellhdf.mp4,REAL,train,
newzcrvihm.mp4,FAKE,train,yvfoaoiclp.mp4
kahyjjcvuw.mp4,FAKE,train,hnfdytoptb.mp4
zeakelpslu.mp4,FAKE,train,trvqryiuqr.mp4
qvngqavofg.mp4,REAL,train,
yqmbkopwif.mp4,FAKE,train,xiqecarvpb.mp4
epssdfmtjy.mp4,FAKE,train,bfqlqydtam.mp4
mvjovkcfql.mp4,FAKE,train,famavifufv.mp4
dsrytiitih.mp4,FAKE,train,mgyyyryhbf.mp4
rpekmbrfrc.mp4,FAKE,train,bkewppansb.mp4
exlbmtpqbt.mp4,FAKE,train,yvfoaoiclp.mp4
sspmqvcejh.mp4,FAKE,train,hkxfkwihoy.mp4
tisirplzzo.mp4,FAKE,train,iueelzuywc.mp4
mvtbgbqkyj.mp4,FAKE,train,kdowsulnwf.mp4
ktvmufyaqf.mp4,FAKE,train,favrjgshqi.mp4
oheaiioatv.mp4,FAKE,train,trvqryiuqr.mp4
mbjpaydogy.mp4,FAKE,train,bfqlqydtam.mp4
njcuuluowh.mp4,FAKE,train,julfellhdf.mp4
rxagyszsky.mp4,FAKE,train,yeotajbmun.mp4
cydneakcyh.mp4,FAKE,train,heldbzescf.mp4
ozlgofxpre.mp4,FAKE,train,iueelzuywc.mp4
xifuovpydw.mp4,FAKE,train,uodarndzsb.mp4
xiircvqmne.mp4,REAL,train,
wfrfrbuuga.mp4,FAKE,train,favrjgshqi.mp4
csptvrxfap.mp4,FAKE,train,bkewppansb.mp4
xkldhegteg.mp4,FAKE,train,vocjacgxzv.mp4
eqlxpvxtvo.mp4,FAKE,train,hnnlcrqfpf.mp4
hnfdytoptb.mp4,REAL,train,
xiqecarvpb.mp4,REAL,train,
uoxviglkbm.mp4,FAKE,train,wiastkfeee.mp4
pvcfpdevfm.mp4,FAKE,train,csqbebvoxt.mp4
hakpntaqiz.mp4,FAKE,train,csqbebvoxt.mp4
tskjnnvjsa.mp4,REAL,train,
fekfqkxcmg.mp4,FAKE,train,mgyyyryhbf.mp4
klqllljjkm.mp4,REAL,train,
fpwgkerlun.mp4,FAKE,train,favrjgshqi.mp4
adbseuwqjt.mp4,FAKE,train,qluebrnvej.mp4
suazhhjuky.mp4,FAKE,train,nthlmvjxac.mp4
exactiudfy.mp4,FAKE,train,qvngqavofg.mp4
hkyviotvry.mp4,FAKE,train,klqllljjkm.mp4
yadtoviwwr.mp4,FAKE,train,qguojjuoik.mp4
qcuobsfbgz.mp4,FAKE,train,fbrnkwsgrh.mp4
ogpkqhvhcf.mp4,FAKE,train,fbrnkwsgrh.mp4
wlachmspos.mp4,FAKE,train,tskjnnvjsa.mp4
bkewppansb.mp4,REAL,train,
pnpyiohvrh.mp4,FAKE,train,hkxfkwihoy.mp4
zqhapzhcco.mp4,FAKE,train,topxckuyhd.mp4
eluhuvocwr.mp4,FAKE,train,cikibrhzja.mp4
vhazbwqznu.mp4,FAKE,train,qfzylqortq.mp4
fsaakkrvdh.mp4,FAKE,train,yeotajbmun.mp4
piiytlwgqj.mp4,FAKE,train,idwhtnofel.mp4
wdblvqyxyx.mp4,FAKE,train,abjqjcvhwe.mp4
dqombsgufg.mp4,FAKE,train,nfckwrsfif.mp4
dlfjgxzokr.mp4,REAL,train,
atgawbaspu.mp4,FAKE,train,hnnlcrqfpf.mp4
dvtfjdkanq.mp4,REAL,train,
hauatxqcid.mp4,FAKE,train,bfqlqydtam.mp4
ielpecwrvy.mp4,FAKE,train,xroslebnzu.mp4
hbrkehqfqm.mp4,FAKE,train,uatsfwahwn.mp4
ookggwwwpa.mp4,FAKE,train,qpcwnuqpvo.mp4
nbhcewtdqw.mp4,FAKE,train,hkxfkwihoy.mp4
exjnpsilrw.mp4,FAKE,train,dvtfjdkanq.mp4
nzsoelkgcx.mp4,FAKE,train,nfckwrsfif.mp4
dbljnexmlf.mp4,FAKE,train,xroslebnzu.mp4
excdqgwwuy.mp4,REAL,train,
paholsfnda.mp4,FAKE,train,xrugmaiubc.mp4
hwcpjaebpn.mp4,FAKE,train,hnnlcrqfpf.mp4
famavifufv.mp4,REAL,train,
nnrykhgzgs.mp4,FAKE,train,nxtsawqotg.mp4
zabmvbfaht.mp4,FAKE,train,cikibrhzja.mp4
ynkzlkahux.mp4,FAKE,train,hkxfkwihoy.mp4
lpuzzmqqnp.mp4,FAKE,train,uodarndzsb.mp4
yaruwzhoma.mp4,FAKE,train,zfnjffauct.mp4
urovdzyyff.mp4,FAKE,train,fwrcfaglhz.mp4
buzqmuifod.mp4,FAKE,train,klqllljjkm.mp4
bhpddnqauc.mp4,REAL,train,
xhgsjkwadd.mp4,REAL,train,
jaynqmloow.mp4,FAKE,train,vocjacgxzv.mp4
oqusgwfain.mp4,FAKE,train,qtxraeaxeh.mp4
zacmifiguu.mp4,FAKE,train,hnfdytoptb.mp4
cgebtadovo.mp4,FAKE,train,eicngtwvoh.mp4
zwogfwhfwz.mp4,FAKE,train,aqsjhodxqh.mp4
xupjoqnhiy.mp4,FAKE,train,abjqjcvhwe.mp4
zdldobedod.mp4,FAKE,train,pjnsejazpl.mp4
giwyisyggg.mp4,FAKE,train,sxmqvznwwq.mp4
crbspiybxp.mp4,FAKE,train,hnnlcrqfpf.mp4
nfckwrsfif.mp4,REAL,train,
eudqyrnjoo.mp4,FAKE,train,wiastkfeee.mp4
spzimtziqe.mp4,FAKE,train,vbcqmyshxr.mp4
ymngcysczs.mp4,REAL,train,
xwtmpfmidp.mp4,FAKE,train,qtxraeaxeh.mp4
juewofufos.mp4,FAKE,train,dvtfjdkanq.mp4
kiykqmbhgd.mp4,FAKE,train,mgyyyryhbf.mp4
xeyzelhshg.mp4,FAKE,train,gzvsihgvyu.mp4
rlvgpdrgvi.mp4,FAKE,train,nfckwrsfif.mp4
aqlfwgrjbg.mp4,FAKE,train,inyptqqeru.mp4
edwqoonrkm.mp4,FAKE,train,uatsfwahwn.mp4
hoihutnvty.mp4,FAKE,train,qguojjuoik.mp4
phfxhnfctk.mp4,FAKE,train,cikibrhzja.mp4
ygxudmryrm.mp4,FAKE,train,dvtfjdkanq.mp4
pueqlvhrwe.mp4,FAKE,train,fwrcfaglhz.mp4
mshxwkglsp.mp4,FAKE,train,uatsfwahwn.mp4
clfgoqymlx.mp4,FAKE,train,yeotajbmun.mp4
slkxvzdonv.mp4,FAKE,train,limkffcjki.mp4
heldbzescf.mp4,REAL,train,
hpnicxbgrn.mp4,FAKE,train,trvqryiuqr.mp4
gbambjdbwq.mp4,FAKE,train,ymngcysczs.mp4
bzsxxqcyny.mp4,FAKE,train,qluebrnvej.mp4
rqrxpvmjyj.mp4,FAKE,train,famavifufv.mp4
efzotvfgsh.mp4,FAKE,train,topxckuyhd.mp4
abjqjcvhwe.mp4,REAL,train,
lrzycpajwe.mp4,FAKE,train,etaxwwpsls.mp4
fvtdxqdsmv.mp4,FAKE,train,yvfoaoiclp.mp4
eegeqglget.mp4,FAKE,train,vbcqmyshxr.mp4
bamgpgbjtg.mp4,FAKE,train,ymngcysczs.mp4
favrjgshqi.mp4,REAL,train,
kvqwqcbiou.mp4,FAKE,train,topxckuyhd.mp4
zfnjffauct.mp4,REAL,train,
aqmdamzkzw.mp4,FAKE,train,zfnjffauct.mp4
irfjbqscfl.mp4,FAKE,train,wiastkfeee.mp4
gmbckelbzp.mp4,REAL,train,
ozdxszexcj.mp4,FAKE,train,pjnsejazpl.mp4
rmndwrumtv.mp4,FAKE,train,dvtfjdkanq.mp4
gdjkdcytlo.mp4,FAKE,train,qluebrnvej.mp4
jpzmwcnutj.mp4,FAKE,train,wiastkfeee.mp4
zlukluvcyp.mp4,FAKE,train,sccqbzyikm.mp4
ptdcjzmqea.mp4,FAKE,train,uatsfwahwn.mp4
hkxfkwihoy.mp4,REAL,train,
iqcgvkabeg.mp4,FAKE,train,zefqhoewww.mp4
mgyyyryhbf.mp4,REAL,train,
bqmanbtedb.mp4,FAKE,train,hnfdytoptb.mp4
vjmlyldnnf.mp4,FAKE,train,hbouvodtjy.mp4
fxlljvuomj.mp4,FAKE,train,xhgsjkwadd.mp4
rugyotxxkn.mp4,FAKE,train,tmgmbnzrrz.mp4
ryvdjxyvgk.mp4,FAKE,train,limkffcjki.mp4
gvqtnedfso.mp4,FAKE,train,nxtsawqotg.mp4
trvqryiuqr.mp4,REAL,train,
fvscjrdxcd.mp4,FAKE,train,eicngtwvoh.mp4
gavqnsbism.mp4,FAKE,train,nxtsawqotg.mp4
ydykxcrspt.mp4,FAKE,train,julfellhdf.mp4
csqbebvoxt.mp4,REAL,train,
chlshvbday.mp4,FAKE,train,xiqecarvpb.mp4
bfnockrztt.mp4,FAKE,train,uvyxhwohay.mp4
pdjrykqwhi.mp4,FAKE,train,excdqgwwuy.mp4
kgynainlug.mp4,REAL,train,
pusklupezx.mp4,FAKE,train,iibdamwadw.mp4
bfqlqydtam.mp4,REAL,train,
chdvhlhaiq.mp4,FAKE,train,lopwqbglmi.mp4
ihazqithac.mp4,FAKE,train,aqsjhodxqh.mp4
xpbigmirpz.mp4,FAKE,train,yuqdwjizdb.mp4
jdkceovlzn.mp4,FAKE,train,inyptqqeru.mp4
nnydvpvips.mp4,FAKE,train,trvqryiuqr.mp4
llylpbwkdc.mp4,FAKE,train,xhgsjkwadd.mp4
xiocdasaeg.mp4,FAKE,train,cikibrhzja.mp4
vxhdsgywlh.mp4,FAKE,train,qpcwnuqpvo.mp4
xihyxxpvpw.mp4,FAKE,train,kgynainlug.mp4
qoccrnafqj.mp4,FAKE,train,vbcqmyshxr.mp4
ggkqxiafij.mp4,FAKE,train,zfnjffauct.mp4
zawcuxqngo.mp4,FAKE,train,clxgzkdgta.mp4
opulghzzrs.mp4,FAKE,train,bhpddnqauc.mp4
dhlpxgiilz.mp4,FAKE,train,bfqlqydtam.mp4
fzurflflwv.mp4,FAKE,train,qvngqavofg.mp4
xemebqzfsf.mp4,FAKE,train,iibdamwadw.mp4
twsblybdag.mp4,FAKE,train,bfqlqydtam.mp4
vkeyhxykvm.mp4,FAKE,train,aqsjhodxqh.mp4
rqjkmkaasg.mp4,FAKE,train,vbcqmyshxr.mp4
ennggwgewg.mp4,FAKE,train,qfzylqortq.mp4
cajxctvlfj.mp4,FAKE,train,fwrcfaglhz.mp4
lnnmitdeze.mp4,FAKE,train,mgyyyryhbf.mp4
hrumbmmwuf.mp4,FAKE,train,qpcwnuqpvo.mp4
pctfrguzoi.mp4,FAKE,train,famavifufv.mp4
mqdcuhncqr.mp4,FAKE,train,inyptqqeru.mp4
byxbsuazip.mp4,FAKE,train,xhgsjkwadd.mp4
zeqxcnvtwn.mp4,FAKE,train,qvngqavofg.mp4
jkxwrvgzpr.mp4,FAKE,train,fbrnkwsgrh.mp4
iyzvsvstsw.mp4,FAKE,train,zefqhoewww.mp4
oovbzdlsiv.mp4,FAKE,train,zefqhoewww.mp4
earyrbmojv.mp4,FAKE,train,eicngtwvoh.mp4
hournhdfpq.mp4,FAKE,train,hxahnhbnrz.mp4
vemnbnqoqk.mp4,FAKE,train,excdqgwwuy.mp4
qgylbcujuz.mp4,FAKE,train,etaxwwpsls.mp4
oymwxrcrwd.mp4,FAKE,train,zfnjffauct.mp4
fqjiyckgrj.mp4,FAKE,train,bkewppansb.mp4
wycddsspdu.mp4,FAKE,train,bhpddnqauc.mp4
wqghgjctpy.mp4,FAKE,train,excdqgwwuy.mp4
pgfgfaleuk.mp4,FAKE,train,zefqhoewww.mp4
ijsldsuegi.mp4,FAKE,train,hxahnhbnrz.mp4
cobrcdtekr.mp4,FAKE,train,qfzylqortq.mp4
olguyoivho.mp4,FAKE,train,qpcwnuqpvo.mp4
uzwoxtyzzh.mp4,FAKE,train,etaxwwpsls.mp4
jvtziksdfh.mp4,FAKE,train,efjtzmmzrw.mp4
shdyuvnxzh.mp4,FAKE,train,sccqbzyikm.mp4
xuismtvfgk.mp4,FAKE,train,tskjnnvjsa.mp4
axfzvnwvmk.mp4,FAKE,train,hkxfkwihoy.mp4
bbfwlhanjw.mp4,FAKE,train,xiircvqmne.mp4
pjnsejazpl.mp4,REAL,train,
fhajjbenap.mp4,FAKE,train,idwhtnofel.mp4
acfaxepklq.mp4,FAKE,train,nthlmvjxac.mp4
gacaonleme.mp4,FAKE,train,dopcoxsotn.mp4
adrcjenxlz.mp4,FAKE,train,qfzylqortq.mp4
qfzylqortq.mp4,REAL,train,
jplepofmsa.mp4,FAKE,train,hxahnhbnrz.mp4
kwivlwvree.mp4,FAKE,train,excdqgwwuy.mp4
rgasvymjrj.mp4,FAKE,train,hnnlcrqfpf.mp4
ojmzeaywwf.mp4,FAKE,train,hbouvodtjy.mp4
kphfzaullq.mp4,FAKE,train,bkewppansb.mp4
vhapgiijym.mp4,FAKE,train,zfnjffauct.mp4
uxzxaahtob.mp4,FAKE,train,xiqecarvpb.mp4
jyimocbzdg.mp4,FAKE,train,julfellhdf.mp4
pnunughkny.mp4,FAKE,train,vocjacgxzv.mp4
jovohczybs.mp4,FAKE,train,iibdamwadw.mp4
egjwyrjipy.mp4,FAKE,train,cikibrhzja.mp4
sxmqvznwwq.mp4,REAL,train,
ivxhxfpwus.mp4,FAKE,train,mgyyyryhbf.mp4
ldlwlefhld.mp4,FAKE,train,qguojjuoik.mp4
lxygxxfhuj.mp4,FAKE,train,qvngqavofg.mp4
aodpwamaqd.mp4,FAKE,train,etaxwwpsls.mp4
iibdamwadw.mp4,REAL,train,
fnudsphmnk.mp4,FAKE,train,dlfjgxzokr.mp4
milbyxizqu.mp4,FAKE,train,qtxraeaxeh.mp4
vjegxiyvla.mp4,FAKE,train,qluebrnvej.mp4
jfddvprhzr.mp4,FAKE,train,sxmqvznwwq.mp4
tmgmbnzrrz.mp4,REAL,train,
uyzvpvxclu.mp4,REAL,train,
oequguujid.mp4,FAKE,train,abjqjcvhwe.mp4
oebxywcmuo.mp4,FAKE,train,xhgsjkwadd.mp4
zefqhoewww.mp4,REAL,train,
yvdxquwtfh.mp4,FAKE,train,excdqgwwuy.mp4
ncwoxrstou.mp4,FAKE,train,sxmqvznwwq.mp4
lifdytsjky.mp4,FAKE,train,xiircvqmne.mp4
rmqinzojuv.mp4,FAKE,train,hkxfkwihoy.mp4
wbqdwrulkm.mp4,FAKE,train,xiircvqmne.mp4
aqsjhodxqh.mp4,REAL,train,
nyyyofcysx.mp4,FAKE,train,nxtsawqotg.mp4
kovqcfeghf.mp4,FAKE,train,qpcwnuqpvo.mp4
frcplqrpgo.mp4,FAKE,train,sxmqvznwwq.mp4
qpcwnuqpvo.mp4,REAL,train,
iohdbhydzx.mp4,FAKE,train,eicngtwvoh.mp4
ggzdsgkynq.mp4,FAKE,train,limkffcjki.mp4
eoczvkvxer.mp4,FAKE,train,clxgzkdgta.mp4
aqhbszcpal.mp4,FAKE,train,favrjgshqi.mp4
pwrudpreyl.mp4,FAKE,train,heldbzescf.mp4
ajwfztlkxy.mp4,FAKE,train,gmbckelbzp.mp4
yrohiammwh.mp4,FAKE,train,xroslebnzu.mp4
ydomhvhuwz.mp4,FAKE,train,qvngqavofg.mp4
satnjuxrxi.mp4,FAKE,train,idwhtnofel.mp4
zeljvtzwuw.mp4,FAKE,train,tskjnnvjsa.mp4
qzgzphskcf.mp4,FAKE,train,xroslebnzu.mp4
qtxraeaxeh.mp4,REAL,train,
qguojjuoik.mp4,REAL,train,
kaffysxkxg.mp4,FAKE,train,julfellhdf.mp4
xbvlbpgdtb.mp4,FAKE,train,eicngtwvoh.mp4
srtwhbzzlr.mp4,FAKE,train,excdqgwwuy.mp4
yeotajbmun.mp4,REAL,train,
uatsfwahwn.mp4,REAL,train,
mxmmpiogik.mp4,FAKE,train,bhpddnqauc.mp4
jtcsjwncak.mp4,FAKE,train,iueelzuywc.mp4
zzrscftuqp.mp4,FAKE,train,dlfjgxzokr.mp4
ghccalazpw.mp4,FAKE,train,dlfjgxzokr.mp4
bkfuglkfcd.mp4,FAKE,train,vbcqmyshxr.mp4
eiitvcurxz.mp4,FAKE,train,nthlmvjxac.mp4
kctzlwxrnn.mp4,FAKE,train,dlfjgxzokr.mp4
vikbeujczb.mp4,FAKE,train,kdowsulnwf.mp4
pryqgrbtnu.mp4,FAKE,train,uodarndzsb.mp4
ztdvycbyef.mp4,FAKE,train,csqbebvoxt.mp4
tzowhyhbvu.mp4,FAKE,train,xrugmaiubc.mp4
cikibrhzja.mp4,REAL,train,
iueelzuywc.mp4,REAL,train,
ceiaeqrsvl.mp4,FAKE,train,yvfoaoiclp.mp4
limkffcjki.mp4,REAL,train,
qluebrnvej.mp4,REAL,train,
wiastkfeee.mp4,REAL,train,
utdylnarnm.mp4,FAKE,train,zefqhoewww.mp4
mwwselsikq.mp4,FAKE,train,famavifufv.mp4
fgahummvmc.mp4,FAKE,train,kdowsulnwf.mp4
xroslebnzu.mp4,REAL,train,
ckedkayawm.mp4,FAKE,train,limkffcjki.mp4
xjinzawywt.mp4,REAL,train,
yfchcmazzr.mp4,FAKE,train,gmbckelbzp.mp4
nthlmvjxac.mp4,REAL,train,
pvxnqhtwda.mp4,FAKE,train,vocjacgxzv.mp4
qznvkzpjwp.mp4,FAKE,train,xiqecarvpb.mp4
uyuhvubudu.mp4,FAKE,train,gzvsihgvyu.mp4
bosbcjeizu.mp4,FAKE,train,hxahnhbnrz.mp4
lncmjtftrg.mp4,FAKE,train,nfckwrsfif.mp4
lbvsreiamr.mp4,FAKE,train,qvngqavofg.mp4
idwhtnofel.mp4,REAL,train,
eeevqpmusf.mp4,FAKE,train,trvqryiuqr.mp4
bwaeskbdin.mp4,FAKE,train,xjinzawywt.mp4
vuebtkngto.mp4,FAKE,train,gzvsihgvyu.mp4
gikewntjco.mp4,FAKE,train,xiqecarvpb.mp4
jmpqzlmmpr.mp4,FAKE,train,bhpddnqauc.mp4
rjpbjigjcc.mp4,FAKE,train,yuqdwjizdb.mp4
yuqdwjizdb.mp4,REAL,train,
fnnahethgq.mp4,FAKE,train,etaxwwpsls.mp4
pjqydnrqeu.mp4,FAKE,train,efjtzmmzrw.mp4
vnatgarprj.mp4,FAKE,train,xiircvqmne.mp4
vbcqmyshxr.mp4,REAL,train,
kdowsulnwf.mp4,REAL,train,
pejzzeqqso.mp4,FAKE,train,dopcoxsotn.mp4
smigwcfxxf.mp4,FAKE,train,pjnsejazpl.mp4
amiqkliwtf.mp4,FAKE,train,nxtsawqotg.mp4
fiqzgirirh.mp4,FAKE,train,yeotajbmun.mp4
hxahnhbnrz.mp4,REAL,train,
xcihypsuad.mp4,FAKE,train,uulplqqlom.mp4
qochkdutxy.mp4,FAKE,train,hpurahupjh.mp4
lsddcneqwj.mp4,FAKE,train,kokzykdryo.mp4
pzbpgfmroj.mp4,FAKE,train,yedrixstja.mp4
rcooasixes.mp4,FAKE,train,uvzktioygx.mp4
akmkcxguii.mp4,REAL,train,
lmbvoxhowe.mp4,REAL,train,
wwibennpjf.mp4,FAKE,train,mpnypfhpbb.mp4
kqnwutdvpd.mp4,REAL,train,
khdstlsxzy.mp4,FAKE,train,eqabuehals.mp4
rwehwmmutn.mp4,REAL,train,
judvmmvwll.mp4,FAKE,train,kzmywxbybr.mp4
tgxnsbwlcm.mp4,FAKE,train,gapvetxxhl.mp4
bkyzinwdfz.mp4,FAKE,train,mzrmizvxsq.mp4
nigwtgamqq.mp4,FAKE,train,acesusftoa.mp4
pltxnccjnv.mp4,FAKE,train,kokzykdryo.mp4
kypiwidnwt.mp4,REAL,train,
rhotzsptag.mp4,FAKE,train,lmbvoxhowe.mp4
nvarnevska.mp4,FAKE,train,yfhqhjbtdb.mp4
gbwxmandwi.mp4,FAKE,train,kypiwidnwt.mp4
euqujvlnnb.mp4,FAKE,train,pyrhvfzopv.mp4
mzvkrctnjn.mp4,REAL,train,
mqetscoobc.mp4,FAKE,train,djkwstalvv.mp4
bywkfvypwj.mp4,FAKE,train,riqjqnyrlo.mp4
ntxghjjcal.mp4,FAKE,train,sfslnpbvtq.mp4
kxwrffkwch.mp4,FAKE,train,hbmvxgonmq.mp4
yqllrwfpxz.mp4,FAKE,train,yedrixstja.mp4
vfyqvklnwa.mp4,FAKE,train,hbmvxgonmq.mp4
smmhreaylg.mp4,FAKE,train,xdbtmuxuii.mp4
rcgjaofhgt.mp4,FAKE,train,akmkcxguii.mp4
sfslnpbvtq.mp4,REAL,train,
calqcklglq.mp4,FAKE,train,eqabuehals.mp4
udzpbdfxxq.mp4,FAKE,train,riqjqnyrlo.mp4
twehitrqam.mp4,FAKE,train,dinsbywbwl.mp4
venocbjbce.mp4,FAKE,train,kqnwutdvpd.mp4
bmablqorlk.mp4,FAKE,train,rszdvsayiv.mp4
btrzghvcoy.mp4,FAKE,train,dinsbywbwl.mp4
spzdrkbtol.mp4,FAKE,train,kokzykdryo.mp4
kptlnodcdb.mp4,FAKE,train,rwehwmmutn.mp4
kcmgivcdcf.mp4,FAKE,train,jxrpqynwlt.mp4
dagmnvkeeg.mp4,FAKE,train,dasivprjjm.mp4
ugdccvnrxi.mp4,FAKE,train,kbirfevcnc.mp4
tkakcsqqyv.mp4,REAL,train,
jbwtbfbdko.mp4,FAKE,train,vsinqiaizy.mp4
xbqkmrabwh.mp4,FAKE,train,kokzykdryo.mp4
hcjkrcvvnd.mp4,FAKE,train,mpnypfhpbb.mp4
vaoahwryzb.mp4,FAKE,train,pyrhvfzopv.mp4
slruxtzosd.mp4,FAKE,train,dinsbywbwl.mp4
tecrulzonc.mp4,FAKE,train,jbgdikwbwr.mp4
hhhwdbxlej.mp4,FAKE,train,hbmvxgonmq.mp4
csqsxsjrnp.mp4,FAKE,train,hbmvxgonmq.mp4
frlqwnbkjo.mp4,FAKE,train,jxrpqynwlt.mp4
kwapbrbhzl.mp4,FAKE,train,sfslnpbvtq.mp4
riqjqnyrlo.mp4,REAL,train,
oqlzcsssoe.mp4,FAKE,train,jbgdikwbwr.mp4
hbmvxgonmq.mp4,REAL,train,
agvqqmsyvo.mp4,FAKE,train,kokzykdryo.mp4
fmsgdzjzty.mp4,FAKE,train,lmbvoxhowe.mp4
xzmspcmdxy.mp4,FAKE,train,dinsbywbwl.mp4
acesusftoa.mp4,REAL,train,
kzmywxbybr.mp4,REAL,train,
icoqtpzktv.mp4,FAKE,train,kzmywxbybr.mp4
qmoxippfmp.mp4,FAKE,train,sfslnpbvtq.mp4
wtzihgrqei.mp4,FAKE,train,kypiwidnwt.mp4
hhdblnxhtj.mp4,REAL,train,
gpipuocgfq.mp4,FAKE,train,yedrixstja.mp4
cwvtgzizxw.mp4,FAKE,train,eqabuehals.mp4
pdhcxpreut.mp4,FAKE,train,xlubltdxza.mp4
wwqnrsjgdn.mp4,FAKE,train,acesusftoa.mp4
xlubltdxza.mp4,REAL,train,
vvpqqpjlwn.mp4,FAKE,train,paqcbtdulm.mp4
icziwndesh.mp4,FAKE,train,uvzktioygx.mp4
axoohecyzz.mp4,FAKE,train,riqjqnyrlo.mp4
fifuixxokg.mp4,FAKE,train,xdbtmuxuii.mp4
qkliebaumg.mp4,FAKE,train,silyuhawvq.mp4
elbcslsoee.mp4,FAKE,train,hhdblnxhtj.mp4
giyqwoixhf.mp4,FAKE,train,rszdvsayiv.mp4
kpohueldae.mp4,FAKE,train,rszdvsayiv.mp4
lrcxjizbrw.mp4,FAKE,train,mpnypfhpbb.mp4
giiyrvgxow.mp4,FAKE,train,lmbvoxhowe.mp4
bdvuqjupnd.mp4,FAKE,train,vjsepnyvpv.mp4
mlszktxehr.mp4,FAKE,train,lmbvoxhowe.mp4
gaklwqvekk.mp4,FAKE,train,pyrhvfzopv.mp4
slpnmekswx.mp4,FAKE,train,sfslnpbvtq.mp4
uebtnuadbc.mp4,FAKE,train,kqnwutdvpd.mp4
sbwemwjlsl.mp4,FAKE,train,dasivprjjm.mp4
kaajaxzivt.mp4,FAKE,train,silyuhawvq.mp4
lzzeeyguyt.mp4,FAKE,train,kzmywxbybr.mp4
udfmgkjhnq.mp4,FAKE,train,yedrixstja.mp4
gnjavhtgdp.mp4,FAKE,train,kypiwidnwt.mp4
rzrydrpdry.mp4,FAKE,train,jbgdikwbwr.mp4
fashimyayn.mp4,FAKE,train,dasivprjjm.mp4
allzkplefm.mp4,FAKE,train,mzrmizvxsq.mp4
ucuicuxuum.mp4,FAKE,train,lmbvoxhowe.mp4
bfawveelwz.mp4,FAKE,train,hhdblnxhtj.mp4
caybvafaow.mp4,REAL,train,
fbcdrnxhcx.mp4,REAL,train,
ydvirbhctz.mp4,FAKE,train,kokzykdryo.mp4
sjzhljyjdq.mp4,FAKE,train,rszdvsayiv.mp4
yxmqycojfm.mp4,FAKE,train,yfhqhjbtdb.mp4
spvgqcprzb.mp4,FAKE,train,silyuhawvq.mp4
kokzykdryo.mp4,REAL,train,
rrzabwture.mp4,FAKE,train,xdbtmuxuii.mp4
btkqjzxhbk.mp4,FAKE,train,sfslnpbvtq.mp4
hixrtrhxmi.mp4,FAKE,train,hhdblnxhtj.mp4
ewglmznvxe.mp4,FAKE,train,mpnypfhpbb.mp4
acvfwpmvrw.mp4,FAKE,train,rszdvsayiv.mp4
xzsxjudpgw.mp4,FAKE,train,acesusftoa.mp4
zlwlidvmqe.mp4,FAKE,train,eqabuehals.mp4
aodijlfnur.mp4,FAKE,train,mzrmizvxsq.mp4
zlatzsfntz.mp4,FAKE,train,kokzykdryo.mp4
fvfwdvzqsm.mp4,FAKE,train,mpnypfhpbb.mp4
ajcxyezjol.mp4,FAKE,train,lmbvoxhowe.mp4
pqlauglmgs.mp4,FAKE,train,djkwstalvv.mp4
bzktkihnst.mp4,FAKE,train,hbmvxgonmq.mp4
hhmoxuqvqh.mp4,FAKE,train,mpnypfhpbb.mp4
jxrpqynwlt.mp4,REAL,train,
dshzlfpsdh.mp4,FAKE,train,ozjsukibfx.mp4
yncystdauz.mp4,FAKE,train,sfslnpbvtq.mp4
shbwdodhrg.mp4,FAKE,train,kqnwutdvpd.mp4
hpurahupjh.mp4,REAL,train,
ynaaolvwob.mp4,FAKE,train,vjsepnyvpv.mp4
gapvetxxhl.mp4,REAL,train,
eqabuehals.mp4,REAL,train,
zsordbmeoz.mp4,FAKE,train,hbmvxgonmq.mp4
fsuetbnklu.mp4,FAKE,train,kqnwutdvpd.mp4
ttnabjytup.mp4,FAKE,train,yedrixstja.mp4
pcobbwvofa.mp4,FAKE,train,obtflqoldv.mp4
wjqdwzowcg.mp4,FAKE,train,lmbvoxhowe.mp4
ifjxjinmwm.mp4,FAKE,train,cxlkfsyfvb.mp4
avgrquoicj.mp4,FAKE,train,gapvetxxhl.mp4
ucdcxqjxxy.mp4,FAKE,train,dinsbywbwl.mp4
swciiqrzor.mp4,FAKE,train,silyuhawvq.mp4
clnnqtjnld.mp4,FAKE,train,fbcdrnxhcx.mp4
zcejcoiwqm.mp4,FAKE,train,mzvkrctnjn.mp4
jnlsblkssg.mp4,FAKE,train,kzmywxbybr.mp4
grcebccgmn.mp4,FAKE,train,sfslnpbvtq.mp4
bpqnqpdrvq.mp4,FAKE,train,dinsbywbwl.mp4
aafuphyhpt.mp4,FAKE,train,uulplqqlom.mp4
wjjmpddtap.mp4,FAKE,train,lmbvoxhowe.mp4
skeucresjq.mp4,FAKE,train,kqnwutdvpd.mp4
cjtdvfiwui.mp4,FAKE,train,hpurahupjh.mp4
tmepwrldlk.mp4,FAKE,train,yedrixstja.mp4
dmbhjotdud.mp4,FAKE,train,yedrixstja.mp4
zdmqenjybc.mp4,FAKE,train,jdzkykqgsx.mp4
ccpzqqemva.mp4,FAKE,train,mpnypfhpbb.mp4
efudijaxql.mp4,FAKE,train,kbirfevcnc.mp4
nrapipcizp.mp4,FAKE,train,tkakcsqqyv.mp4
hadghhszzt.mp4,FAKE,train,silyuhawvq.mp4
pyrhvfzopv.mp4,REAL,train,
awbjetawnf.mp4,FAKE,train,eqabuehals.mp4
cxjsxgirny.mp4,FAKE,train,vjsepnyvpv.mp4
bohrgpvebk.mp4,FAKE,train,paqcbtdulm.mp4
djkwstalvv.mp4,REAL,train,
jegfyndudz.mp4,FAKE,train,xlubltdxza.mp4
zvfaghtqbw.mp4,FAKE,train,obtflqoldv.mp4
kyyplhtepd.mp4,FAKE,train,yedrixstja.mp4
jifvfnhfpn.mp4,FAKE,train,dasivprjjm.mp4
jdrrxwlmfe.mp4,FAKE,train,mzrmizvxsq.mp4
ezrfihipbi.mp4,FAKE,train,dinsbywbwl.mp4
irjxqznjfr.mp4,FAKE,train,kokzykdryo.mp4
mjglsobpen.mp4,FAKE,train,hbmvxgonmq.mp4
dnirzrdpcv.mp4,FAKE,train,mpnypfhpbb.mp4
wdhbbkpdmy.mp4,FAKE,train,mzvkrctnjn.mp4
pqfqigfoku.mp4,FAKE,train,mzvkrctnjn.mp4
kamudoalqk.mp4,FAKE,train,hhdblnxhtj.mp4
paqcbtdulm.mp4,REAL,train,
kdluiyjesi.mp4,FAKE,train,silyuhawvq.mp4
bwpuxeqbso.mp4,FAKE,train,tkakcsqqyv.mp4
wyccmpbtzi.mp4,FAKE,train,lmbvoxhowe.mp4
sfckrqryip.mp4,FAKE,train,paqcbtdulm.mp4
pgfpqworwx.mp4,FAKE,train,yfhqhjbtdb.mp4
qdtarwtswk.mp4,FAKE,train,jxrpqynwlt.mp4
lvcufdxmwl.mp4,FAKE,train,yfhqhjbtdb.mp4
xsaqcorfgp.mp4,FAKE,train,kypiwidnwt.mp4
ocylvuufjf.mp4,FAKE,train,hhdblnxhtj.mp4
jyizmybtmi.mp4,FAKE,train,kypiwidnwt.mp4
inhhnmbumo.mp4,FAKE,train,kbirfevcnc.mp4
vflaeohpdd.mp4,FAKE,train,kbirfevcnc.mp4
giwjazktru.mp4,FAKE,train,fbcdrnxhcx.mp4
jqbljzbear.mp4,FAKE,train,fbcdrnxhcx.mp4
bmydqokovk.mp4,FAKE,train,tkakcsqqyv.mp4
aalkxecnzm.mp4,FAKE,train,kypiwidnwt.mp4
yyiiywtiry.mp4,FAKE,train,yfhqhjbtdb.mp4
wvtymfvbwq.mp4,FAKE,train,kokzykdryo.mp4
jcaentwavr.mp4,FAKE,train,jdzkykqgsx.mp4
jxlkwmjvny.mp4,FAKE,train,kypiwidnwt.mp4
osmxliyvbf.mp4,FAKE,train,xdbtmuxuii.mp4
kmarniljak.mp4,FAKE,train,pyrhvfzopv.mp4
trpyxikerg.mp4,FAKE,train,eqabuehals.mp4
lttacqrpvy.mp4,FAKE,train,kypiwidnwt.mp4
zowycvfypx.mp4,FAKE,train,eqabuehals.mp4
akzctljlag.mp4,FAKE,train,kbirfevcnc.mp4
bygmwmgzne.mp4,FAKE,train,kqnwutdvpd.mp4
yfhqhjbtdb.mp4,REAL,train,
dkzvhtkenl.mp4,FAKE,train,dasivprjjm.mp4
qusajxrbya.mp4,FAKE,train,paqcbtdulm.mp4
fswfiespcl.mp4,FAKE,train,fbcdrnxhcx.mp4
jdzkykqgsx.mp4,REAL,train,
silyuhawvq.mp4,REAL,train,
uvzktioygx.mp4,REAL,train,
vtgzexvhgc.mp4,FAKE,train,mzvkrctnjn.mp4
tkaybnjwhg.mp4,FAKE,train,djkwstalvv.mp4
fxskypezvv.mp4,FAKE,train,sfslnpbvtq.mp4
puowyznsdq.mp4,FAKE,train,sfslnpbvtq.mp4
mplapssgzp.mp4,FAKE,train,kqnwutdvpd.mp4
xdbtmuxuii.mp4,REAL,train,
mhlrkzbydm.mp4,FAKE,train,jdzkykqgsx.mp4
mpnypfhpbb.mp4,REAL,train,
hxadmqihjf.mp4,FAKE,train,mpnypfhpbb.mp4
weecilkiro.mp4,FAKE,train,lmbvoxhowe.mp4
nxlwghipqa.mp4,FAKE,train,uulplqqlom.mp4
dasivprjjm.mp4,REAL,train,
ozjsukibfx.mp4,REAL,train,
nmupwhyxen.mp4,FAKE,train,kokzykdryo.mp4
ioibyufhmd.mp4,FAKE,train,riqjqnyrlo.mp4
zvdrjmmrdw.mp4,FAKE,train,silyuhawvq.mp4
kbirfevcnc.mp4,REAL,train,
duutgvwvhj.mp4,FAKE,train,obtflqoldv.mp4
xdgxbajocr.mp4,FAKE,train,fbcdrnxhcx.mp4
obtflqoldv.mp4,REAL,train,
ctjepwqiul.mp4,FAKE,train,pyrhvfzopv.mp4
wbwsscmgxb.mp4,FAKE,train,rwehwmmutn.mp4
igukuxrfcz.mp4,FAKE,train,akmkcxguii.mp4
anjajlmrio.mp4,FAKE,train,srlbhqggbu.mp4
hiqphvdpfi.mp4,FAKE,train,mzrmizvxsq.mp4
pwhiztzjqx.mp4,FAKE,train,xdbtmuxuii.mp4
zbdadtkawr.mp4,FAKE,train,dasivprjjm.mp4
lngrrzshew.mp4,FAKE,train,dasivprjjm.mp4
mvdctklrth.mp4,FAKE,train,jdzkykqgsx.mp4
hzeqgckwyg.mp4,FAKE,train,sfslnpbvtq.mp4
vawlbsbqxj.mp4,FAKE,train,vjsepnyvpv.mp4
znistrajpw.mp4,FAKE,train,hpurahupjh.mp4
woufaypmos.mp4,FAKE,train,djkwstalvv.mp4
ztkgivrreb.mp4,FAKE,train,gapvetxxhl.mp4
apjovfzzft.mp4,FAKE,train,kbirfevcnc.mp4
knelidzqnj.mp4,FAKE,train,vsinqiaizy.mp4
briushizfu.mp4,FAKE,train,akmkcxguii.mp4
blynypczbp.mp4,FAKE,train,mzrmizvxsq.mp4
xsmdxtkdjb.mp4,FAKE,train,djkwstalvv.mp4
gapqcxdinz.mp4,FAKE,train,akmkcxguii.mp4
qmofvlylbv.mp4,FAKE,train,mzvkrctnjn.mp4
ciepqxjamz.mp4,FAKE,train,hpurahupjh.mp4
ghxtavbzwn.mp4,FAKE,train,mpnypfhpbb.mp4
mzrmizvxsq.mp4,REAL,train,
simamsujuu.mp4,FAKE,train,fbcdrnxhcx.mp4
dhfinawlcy.mp4,FAKE,train,mzrmizvxsq.mp4
tojoplavae.mp4,FAKE,train,pyrhvfzopv.mp4
yiyholrtvy.mp4,FAKE,train,yfhqhjbtdb.mp4
lakthcscey.mp4,FAKE,train,kypiwidnwt.mp4
lnieuaoklr.mp4,FAKE,train,mzrmizvxsq.mp4
ynnyprxahm.mp4,FAKE,train,xdbtmuxuii.mp4
hbuvmgbgzz.mp4,FAKE,train,mzrmizvxsq.mp4
pemtgysumu.mp4,FAKE,train,kzmywxbybr.mp4
smhmwffveg.mp4,FAKE,train,sfslnpbvtq.mp4
qnrmeedsey.mp4,FAKE,train,akmkcxguii.mp4
arruqttjtu.mp4,FAKE,train,cxlkfsyfvb.mp4
dojtnxqdrq.mp4,FAKE,train,yfhqhjbtdb.mp4
intdikbydt.mp4,FAKE,train,yfhqhjbtdb.mp4
kpyyjmxmoj.mp4,FAKE,train,pyrhvfzopv.mp4
thumialdgv.mp4,FAKE,train,paqcbtdulm.mp4
mxepcxgzxz.mp4,FAKE,train,uulplqqlom.mp4
zfgbolrxzv.mp4,FAKE,train,mzrmizvxsq.mp4
oewkovdhbl.mp4,FAKE,train,pyrhvfzopv.mp4
fkhmutejpi.mp4,FAKE,train,xlubltdxza.mp4
vjsepnyvpv.mp4,REAL,train,
uwhuhyleff.mp4,FAKE,train,jxrpqynwlt.mp4
rfhztjztat.mp4,FAKE,train,kokzykdryo.mp4
qtmfbdnoxh.mp4,FAKE,train,riqjqnyrlo.mp4
lcpjqjuvyd.mp4,FAKE,train,hpurahupjh.mp4
vljmsimmbq.mp4,FAKE,train,xdbtmuxuii.mp4
vsinqiaizy.mp4,REAL,train,
duzueyonao.mp4,FAKE,train,silyuhawvq.mp4
sxlywoqfic.mp4,FAKE,train,uulplqqlom.mp4
espkgxnlfw.mp4,FAKE,train,mzrmizvxsq.mp4
zkpcgwxykg.mp4,FAKE,train,dasivprjjm.mp4
guxzdbakef.mp4,FAKE,train,kzmywxbybr.mp4
efsjmhfaee.mp4,FAKE,train,gapvetxxhl.mp4
rztzkkkxqx.mp4,FAKE,train,xlubltdxza.mp4
rszdvsayiv.mp4,REAL,train,
yedrixstja.mp4,REAL,train,
bvoxyumctv.mp4,FAKE,train,vsinqiaizy.mp4
oevdwgfpqc.mp4,FAKE,train,vsinqiaizy.mp4
ntgqxpnxps.mp4,FAKE,train,hhdblnxhtj.mp4
ayfsfcgwva.mp4,FAKE,train,riqjqnyrlo.mp4
bvstgibbuo.mp4,FAKE,train,dinsbywbwl.mp4
itfojnmvrv.mp4,FAKE,train,pyrhvfzopv.mp4
ulquclfdjv.mp4,FAKE,train,djkwstalvv.mp4
zgiypcmpic.mp4,FAKE,train,akmkcxguii.mp4
iwfuqlozsg.mp4,FAKE,train,uulplqqlom.mp4
ldiqcgvqgj.mp4,FAKE,train,ozjsukibfx.mp4
fgcazspzuy.mp4,FAKE,train,jdzkykqgsx.mp4
uulplqqlom.mp4,REAL,train,
wenaoepxqb.mp4,FAKE,train,jbgdikwbwr.mp4
qfrsnwsqhh.mp4,FAKE,train,silyuhawvq.mp4
bbcibscbkq.mp4,FAKE,train,gapvetxxhl.mp4
ybzxlzsxxh.mp4,FAKE,train,hpurahupjh.mp4
uwccodyhgh.mp4,FAKE,train,yedrixstja.mp4
ilefzzpsik.mp4,FAKE,train,djkwstalvv.mp4
qjwdojkcng.mp4,FAKE,train,pyrhvfzopv.mp4
ymroaehhyq.mp4,FAKE,train,mpnypfhpbb.mp4
xbhpnwimyh.mp4,FAKE,train,vjsepnyvpv.mp4
rjrvnjybgg.mp4,FAKE,train,sfslnpbvtq.mp4
xtvyjezbdc.mp4,FAKE,train,paqcbtdulm.mp4
opxtgyrmae.mp4,FAKE,train,jxrpqynwlt.mp4
srlbhqggbu.mp4,REAL,train,
cyxhaypqzs.mp4,FAKE,train,xdbtmuxuii.mp4
jotrtxqekz.mp4,FAKE,train,dasivprjjm.mp4
vaydtpnudn.mp4,FAKE,train,jdzkykqgsx.mp4
xrvhhztdme.mp4,FAKE,train,caybvafaow.mp4
vrvvplwuyg.mp4,FAKE,train,dasivprjjm.mp4
ujxtugyffe.mp4,FAKE,train,mpnypfhpbb.mp4
dinsbywbwl.mp4,REAL,train,
vliksucltv.mp4,FAKE,train,kypiwidnwt.mp4
yvhgixlhrt.mp4,FAKE,train,sfslnpbvtq.mp4
hwtjiitwwe.mp4,FAKE,train,eqabuehals.mp4
rgfypgfozg.mp4,FAKE,train,yedrixstja.mp4
jbgdikwbwr.mp4,REAL,train,
wigzumhqeg.mp4,FAKE,train,yfhqhjbtdb.mp4
lpomyqbodh.mp4,FAKE,train,paqcbtdulm.mp4
wyxxltcvlb.mp4,FAKE,train,jxrpqynwlt.mp4
cxlkfsyfvb.mp4,REAL,train,
rkcggmqsdo.mp4,FAKE,train,yfhqhjbtdb.mp4
eeqfqxwenp.mp4,FAKE,train,dpyjlbgxhv.mp4
dyukishyle.mp4,FAKE,train,veasqdjezk.mp4
njgumijotw.mp4,REAL,train,
gbyecrdgsf.mp4,REAL,train,
lvvphmcuax.mp4,REAL,train,
unmjjivnns.mp4,FAKE,train,dpyjlbgxhv.mp4
cvickaqyxn.mp4,FAKE,train,cqfzfuxvyw.mp4
wufrggusgu.mp4,REAL,train,
lmacrzidyh.mp4,REAL,train,
nxxicqsjsd.mp4,FAKE,train,yhoivjlvgd.mp4
yelntvksvi.mp4,FAKE,train,boopvichfi.mp4
bkivxaxfdv.mp4,FAKE,train,iefmojjwhd.mp4
plogjhefol.mp4,FAKE,train,iefmojjwhd.mp4
zfecmsiodq.mp4,REAL,train,
fdwghvaliw.mp4,FAKE,train,nbneoabmks.mp4
ypugeazvqo.mp4,FAKE,train,jskqsjbzfd.mp4
qbgxbcbdsy.mp4,FAKE,train,dohbueaisb.mp4
vjeutxwxao.mp4,FAKE,train,kbotycwffb.mp4
xdxoqjntjp.mp4,REAL,train,
emfzmpxvfa.mp4,FAKE,train,cpmridjxbc.mp4
gpaqoqegbn.mp4,REAL,train,
mbeqxhliks.mp4,FAKE,train,lvvphmcuax.mp4
qhwkphcmhx.mp4,REAL,train,
pskrepsber.mp4,FAKE,train,sjgmmecazy.mp4
ttuihqevkr.mp4,FAKE,train,xdymokazer.mp4
hrrwofyxnz.mp4,FAKE,train,yasqmkxujm.mp4
ymifiuwjkz.mp4,REAL,train,
jtaqzshggo.mp4,FAKE,train,hzkxlsfxbk.mp4
ysueqdisdo.mp4,REAL,train,
dsdgxlsvab.mp4,FAKE,train,ysueqdisdo.mp4
gbmkwegeuj.mp4,REAL,train,
yhoivjlvgd.mp4,REAL,train,
smahhtkiqd.mp4,REAL,train,
cpmridjxbc.mp4,REAL,train,
vqxrjplroe.mp4,FAKE,train,gbyecrdgsf.mp4
enhioxigpa.mp4,FAKE,train,gbyecrdgsf.mp4
hdplrrdvqu.mp4,REAL,train,
bwedvpmotz.mp4,REAL,train,
evhtpeyqsc.mp4,FAKE,train,iefmojjwhd.mp4
drytosluag.mp4,REAL,train,
qkkzignpbc.mp4,REAL,train,
kmkvxunbop.mp4,REAL,train,
epxotdneee.mp4,FAKE,train,ooeawbvoyo.mp4
khnqntehnr.mp4,FAKE,train,smahhtkiqd.mp4
jsydtyxubs.mp4,REAL,train,
varksutsvk.mp4,FAKE,train,odteugmftq.mp4
txybycxcxq.mp4,FAKE,train,gbyecrdgsf.mp4
pcofbsscpk.mp4,FAKE,train,bzdywpajvr.mp4
fiaqecjvxv.mp4,REAL,train,
aryycfonig.mp4,FAKE,train,appvffejyy.mp4
xbhqzkqztt.mp4,FAKE,train,kbotycwffb.mp4
lnvsrnfdcf.mp4,FAKE,train,lmacrzidyh.mp4
wzjvtaqskv.mp4,FAKE,train,shgxfwcczl.mp4
rkdheztcht.mp4,FAKE,train,rtdogbpems.mp4
ycibpbsivc.mp4,FAKE,train,qzcsywocvv.mp4
avubtwxvrc.mp4,FAKE,train,ffcommhoby.mp4
sjrzrxttqy.mp4,FAKE,train,ymifiuwjkz.mp4
nyhietkbdm.mp4,FAKE,train,fiaqecjvxv.mp4
tdmyjvptzv.mp4,FAKE,train,btxgjsonxg.mp4
uxlrcicjge.mp4,FAKE,train,ysueqdisdo.mp4
lrnheiqgxn.mp4,FAKE,train,ahorlqgstq.mp4
zlaqjxtcsf.mp4,REAL,train,
qbffpkpmkf.mp4,FAKE,train,veasqdjezk.mp4
xvdvvfnbfu.mp4,FAKE,train,veasqdjezk.mp4
kvwdqffacb.mp4,REAL,train,
bzdywpajvr.mp4,REAL,train,
fdtynawrpy.mp4,REAL,train,
zitmjqoknk.mp4,FAKE,train,cpmridjxbc.mp4
rtdogbpems.mp4,REAL,train,
dpyjlbgxhv.mp4,REAL,train,
lnuuobzsdt.mp4,FAKE,train,gbmkwegeuj.mp4
sfdhaujswn.mp4,FAKE,train,qzcsywocvv.mp4
tkgbjtcxyl.mp4,FAKE,train,kmkvxunbop.mp4
ddvbwjmtxo.mp4,FAKE,train,xdymokazer.mp4
ffcommhoby.mp4,REAL,train,
shgxfwcczl.mp4,REAL,train,
kaggpclkjm.mp4,FAKE,train,lvvphmcuax.mp4
vpjixugvmm.mp4,FAKE,train,ysueqdisdo.mp4
pjnsijcadl.mp4,FAKE,train,kvwdqffacb.mp4
vqtspwkgwe.mp4,FAKE,train,xdymokazer.mp4
inlurljyft.mp4,FAKE,train,agplobkyci.mp4
eukxkhumll.mp4,REAL,train,
nwxgvwpzay.mp4,FAKE,train,lvvphmcuax.mp4
xxhjtdereu.mp4,FAKE,train,iwzbgmtsuh.mp4
ftltvfacxy.mp4,FAKE,train,dohbueaisb.mp4
pimrsfwcwm.mp4,REAL,train,
ovgmdjryiz.mp4,FAKE,train,hzkxlsfxbk.mp4
wbmtiennwo.mp4,REAL,train,
gixreeumkk.mp4,REAL,train,
ooeawbvoyo.mp4,REAL,train,
aebhowazav.mp4,FAKE,train,hzkxlsfxbk.mp4
ujqdkbogdl.mp4,FAKE,train,skalsyxrln.mp4
xzkwbswkao.mp4,REAL,train,
sburmokfqc.mp4,FAKE,train,bwedvpmotz.mp4
veasqdjezk.mp4,REAL,train,
nbneoabmks.mp4,REAL,train,
fvvuzjbsqe.mp4,FAKE,train,zfecmsiodq.mp4
gfhrlnlmja.mp4,FAKE,train,wbmtiennwo.mp4
jnklpeolur.mp4,FAKE,train,hzkxlsfxbk.mp4
fblyakialo.mp4,FAKE,train,smahhtkiqd.mp4
ahalqtfixi.mp4,FAKE,train,zlaqjxtcsf.mp4
vfrgsynvwy.mp4,FAKE,train,jsydtyxubs.mp4
qbigcxlref.mp4,FAKE,train,appvffejyy.mp4
npuqwhbzut.mp4,FAKE,train,eukxkhumll.mp4
freqivezwh.mp4,FAKE,train,fiaqecjvxv.mp4
dqmrfhgpql.mp4,FAKE,train,xfyoksjdbf.mp4
kwsraaqime.mp4,REAL,train,
qcpbapccjf.mp4,FAKE,train,wbmtiennwo.mp4
kbotycwffb.mp4,REAL,train,
sjwkkkmaly.mp4,FAKE,train,cqfzfuxvyw.mp4
ajkfvjrqkh.mp4,FAKE,train,wufrggusgu.mp4
omlmfbrurg.mp4,REAL,train,
aqoiohqcbj.mp4,FAKE,train,hdplrrdvqu.mp4
iefmojjwhd.mp4,REAL,train,
qzcsywocvv.mp4,REAL,train,
vfaybygqdj.mp4,FAKE,train,veasqdjezk.mp4
qwkhktdtjj.mp4,FAKE,train,kmkvxunbop.mp4
btxgjsonxg.mp4,REAL,train,
dohbueaisb.mp4,REAL,train,
sjgmmecazy.mp4,REAL,train,
boagmphucy.mp4,FAKE,train,qzcsywocvv.mp4
xmephobexu.mp4,FAKE,train,lvvphmcuax.mp4
ucbakeloqw.mp4,FAKE,train,xdxoqjntjp.mp4
skalsyxrln.mp4,REAL,train,
tbksxjjzso.mp4,FAKE,train,agplobkyci.mp4
agplobkyci.mp4,REAL,train,
cqfzfuxvyw.mp4,REAL,train,
boopvichfi.mp4,REAL,train,
kgcsutjzzd.mp4,FAKE,train,xdymokazer.mp4
rxzwqoiiov.mp4,FAKE,train,iefmojjwhd.mp4
uzdzrjkjsd.mp4,FAKE,train,rtdogbpems.mp4
nhldlpnhvr.mp4,FAKE,train,smahhtkiqd.mp4
zctgtnjpuu.mp4,FAKE,train,jsydtyxubs.mp4
hvkwnouqnx.mp4,FAKE,train,gixreeumkk.mp4
llisgnekde.mp4,FAKE,train,boopvichfi.mp4
bdocvgclcs.mp4,FAKE,train,iwzbgmtsuh.mp4
dmxwithiff.mp4,FAKE,train,agplobkyci.mp4
mlfqvenftk.mp4,FAKE,train,smahhtkiqd.mp4
bivfenlysj.mp4,FAKE,train,eukxkhumll.mp4
eahhbyqhgj.mp4,FAKE,train,xzkwbswkao.mp4
lvipqrzjgm.mp4,FAKE,train,fdtynawrpy.mp4
ibjnrzfngk.mp4,FAKE,train,qkkzignpbc.mp4
afnkxiexxj.mp4,FAKE,train,drytosluag.mp4
ciypszaqje.mp4,FAKE,train,hsaafwdtoj.mp4
hvnzdsvkpa.mp4,FAKE,train,boopvichfi.mp4
iwzbgmtsuh.mp4,REAL,train,
myttmsgzuv.mp4,FAKE,train,ahorlqgstq.mp4
unsktqmhvp.mp4,FAKE,train,gpaqoqegbn.mp4
jskqsjbzfd.mp4,REAL,train,
apaxorirnn.mp4,FAKE,train,agplobkyci.mp4
xdymokazer.mp4,REAL,train,
fkarxowzuf.mp4,REAL,train,
vmlvpjjrrv.mp4,FAKE,train,ffcommhoby.mp4
jyyoxieimv.mp4,FAKE,train,qhwkphcmhx.mp4
pprjttaplj.mp4,FAKE,train,rtdogbpems.mp4
wymzsngpfg.mp4,FAKE,train,gpaqoqegbn.mp4
yynktoirrv.mp4,FAKE,train,omlmfbrurg.mp4
ihdopxhysr.mp4,FAKE,train,lmacrzidyh.mp4
ahorlqgstq.mp4,REAL,train,
qinpkkfegb.mp4,FAKE,train,pimrsfwcwm.mp4
axkuywcuzt.mp4,FAKE,train,fkarxowzuf.mp4
odfhdogijr.mp4,FAKE,train,njgumijotw.mp4
xfyoksjdbf.mp4,REAL,train,
yasqmkxujm.mp4,REAL,train,
appvffejyy.mp4,REAL,train,
jjxyytiqmz.mp4,FAKE,train,qzcsywocvv.mp4
uurhbyktzw.mp4,FAKE,train,gpaqoqegbn.mp4
tprjeaqlqe.mp4,FAKE,train,ffcommhoby.mp4
cjhudarkzv.mp4,FAKE,train,gpaqoqegbn.mp4
roccuyjydl.mp4,FAKE,train,xzkwbswkao.mp4
hsaafwdtoj.mp4,REAL,train,
odteugmftq.mp4,REAL,train,
gcuowvdvhc.mp4,FAKE,train,kwsraaqime.mp4
qbkzflbjmg.mp4,FAKE,train,ysueqdisdo.mp4
hzkxlsfxbk.mp4,REAL,train,
ukxfypqesk.mp4,FAKE,train,jilfwcuyrp.mp4
eotmtjvvny.mp4,FAKE,train,qcbbixyego.mp4
ytibwyntyz.mp4,FAKE,train,rszqqwhnkj.mp4
njojuwquvs.mp4,FAKE,train,rmldoykgzt.mp4
ndqxtifvbw.mp4,REAL,train,
sehmystfib.mp4,FAKE,train,qzaqqnsoeb.mp4
zeexzaquee.mp4,FAKE,train,likhvpxanp.mp4
nkxyfksfvj.mp4,FAKE,train,ixiemiordj.mp4
shgtlzdzeg.mp4,FAKE,train,qkjdawzkvu.mp4
osjaqtkkdt.mp4,REAL,train,
lspczolmlc.mp4,FAKE,train,ixiemiordj.mp4
hatesldbvu.mp4,FAKE,train,hedetzyqpu.mp4
nazorehocq.mp4,FAKE,train,mxyzjggzpw.mp4
ujunqskegt.mp4,REAL,train,
onsvqlwjgw.mp4,FAKE,train,pglbgnclte.mp4
becqadbtkb.mp4,FAKE,train,osjaqtkkdt.mp4
rkmsxwhpui.mp4,FAKE,train,gypapuqdrx.mp4
obbueeynyi.mp4,FAKE,train,qkjdawzkvu.mp4
nwgdmwhaik.mp4,FAKE,train,ujunqskegt.mp4
fnpterildn.mp4,FAKE,train,gypapuqdrx.mp4
kpavkhwehg.mp4,FAKE,train,iwqcdlurfz.mp4
maapzmcfql.mp4,FAKE,train,rszqqwhnkj.mp4
yjoxcezfmk.mp4,FAKE,train,ckgabgjnca.mp4
tgpqkhbvhz.mp4,FAKE,train,vijuirxebt.mp4
sjeujtxgpf.mp4,FAKE,train,papogkywdx.mp4
zkwczgwxfw.mp4,FAKE,train,aumsysgpsf.mp4
vwwyakakss.mp4,FAKE,train,ujunqskegt.mp4
aycutytbxb.mp4,FAKE,train,rszqqwhnkj.mp4
hiyergvepo.mp4,FAKE,train,irdptfgpbb.mp4
qharxzhzpl.mp4,FAKE,train,irdptfgpbb.mp4
anzwccijbl.mp4,FAKE,train,vijuirxebt.mp4
hybjfytvwo.mp4,REAL,train,
rmldoykgzt.mp4,REAL,train,
uhswwyrhon.mp4,FAKE,train,gypapuqdrx.mp4
likhvpxanp.mp4,REAL,train,
kbtzjlgmgt.mp4,FAKE,train,suoxrhzujc.mp4
csgnemklmq.mp4,FAKE,train,irdptfgpbb.mp4
qzaqqnsoeb.mp4,REAL,train,
mceildthyn.mp4,FAKE,train,fsfjlwwsen.mp4
gypapuqdrx.mp4,REAL,train,
bwxwlgbkal.mp4,FAKE,train,suoxrhzujc.mp4
epgpnifmwk.mp4,FAKE,train,ckgabgjnca.mp4
dfueewmwus.mp4,FAKE,train,qkjdawzkvu.mp4
cldcraffvt.mp4,FAKE,train,gypapuqdrx.mp4
rtojdasnsq.mp4,FAKE,train,papogkywdx.mp4
jfcglbovmo.mp4,FAKE,train,ixiemiordj.mp4
okvcsurxoz.mp4,FAKE,train,qtqyglbdem.mp4
kbfrznubqd.mp4,FAKE,train,jilfwcuyrp.mp4
bktcgtnzzh.mp4,REAL,train,
mjlqcikpbb.mp4,FAKE,train,vijuirxebt.mp4
ofouaavqrm.mp4,FAKE,train,irdptfgpbb.mp4
odpvfxmeiw.mp4,FAKE,train,ujunqskegt.mp4
bkalogzjos.mp4,FAKE,train,qzaqqnsoeb.mp4
oepzkokdhg.mp4,FAKE,train,ixiemiordj.mp4
ckgabgjnca.mp4,REAL,train,
iwqcdlurfz.mp4,REAL,train,
cgirwxsied.mp4,FAKE,train,qzaqqnsoeb.mp4
mwcutgoatt.mp4,FAKE,train,vijuirxebt.mp4
egkddnuimv.mp4,FAKE,train,ixiemiordj.mp4
mlddfvsusz.mp4,FAKE,train,gypapuqdrx.mp4
ztgissuoua.mp4,FAKE,train,qcbbixyego.mp4
pgkwulqxfb.mp4,FAKE,train,hedetzyqpu.mp4
tsevwssfmm.mp4,FAKE,train,hedetzyqpu.mp4
rhyzpxqgbd.mp4,FAKE,train,fsfjlwwsen.mp4
bsdhxityss.mp4,FAKE,train,hybjfytvwo.mp4
rfgzgrsdel.mp4,FAKE,train,qzaqqnsoeb.mp4
zsslarobyv.mp4,FAKE,train,mtjitcgpfy.mp4
zxrsbakshn.mp4,FAKE,train,rszqqwhnkj.mp4
mdytvhrkjd.mp4,FAKE,train,mtjitcgpfy.mp4
kyxvlwovgo.mp4,FAKE,train,ujunqskegt.mp4
bvimbeuchl.mp4,FAKE,train,osjaqtkkdt.mp4
ixiemiordj.mp4,REAL,train,
fcwgjggqub.mp4,FAKE,train,irdptfgpbb.mp4
dvfmhaqocl.mp4,FAKE,train,ujunqskegt.mp4
nylzkdswth.mp4,FAKE,train,fsfjlwwsen.mp4
edvyxmzpoy.mp4,FAKE,train,rszqqwhnkj.mp4
irnejrdgex.mp4,FAKE,train,hedetzyqpu.mp4
zvgtbrlbwk.mp4,FAKE,train,fsfjlwwsen.mp4
bonatvjrzc.mp4,FAKE,train,kcutxbbrir.mp4
sopashzpkk.mp4,FAKE,train,gypapuqdrx.mp4
nwppyufqfc.mp4,FAKE,train,bktcgtnzzh.mp4
nugkfydnpf.mp4,FAKE,train,mxyzjggzpw.mp4
gmrjrvdgos.mp4,FAKE,train,suoxrhzujc.mp4
rpzgbhzswt.mp4,FAKE,train,ndqxtifvbw.mp4
wvufcbiifb.mp4,FAKE,train,ujunqskegt.mp4
vijuirxebt.mp4,REAL,train,
qcbbixyego.mp4,REAL,train,
epwbrtgupr.mp4,FAKE,train,wgycqahjww.mp4
qkjdawzkvu.mp4,REAL,train,
yumeecupaw.mp4,FAKE,train,rmldoykgzt.mp4
kfxemywbfk.mp4,FAKE,train,rmldoykgzt.mp4
bqokvgyvbc.mp4,FAKE,train,rmldoykgzt.mp4
yjfdnylpab.mp4,FAKE,train,ndqxtifvbw.mp4
uqsfobfhjf.mp4,FAKE,train,fsfjlwwsen.mp4
czirapruub.mp4,FAKE,train,fsfjlwwsen.mp4
qoixdznnyf.mp4,FAKE,train,wgycqahjww.mp4
ozmhykaadk.mp4,FAKE,train,ckgabgjnca.mp4
jilfwcuyrp.mp4,REAL,train,
qvxgbkggcp.mp4,FAKE,train,qcbbixyego.mp4
mxyzjggzpw.mp4,REAL,train,
xcxaaagdzr.mp4,FAKE,train,qbmfahfsjf.mp4
emvyjelukj.mp4,FAKE,train,gypapuqdrx.mp4
nzxdqcayyg.mp4,FAKE,train,hybjfytvwo.mp4
nacddgwqqs.mp4,FAKE,train,wgycqahjww.mp4
tgdphqvvnb.mp4,FAKE,train,mtjitcgpfy.mp4
ifiidnukqv.mp4,FAKE,train,ujunqskegt.mp4
hhyykgozwv.mp4,FAKE,train,ujunqskegt.mp4
atfocoqgmu.mp4,FAKE,train,ndqxtifvbw.mp4
flsjziutgl.mp4,FAKE,train,rmldoykgzt.mp4
zapvbcktlf.mp4,FAKE,train,likhvpxanp.mp4
nxmprxgaiy.mp4,FAKE,train,hybjfytvwo.mp4
qiqdfujmpi.mp4,FAKE,train,ckgabgjnca.mp4
owgrbqgdqu.mp4,FAKE,train,ixiemiordj.mp4
olxxvrlrsk.mp4,FAKE,train,papogkywdx.mp4
aggiycwmvz.mp4,FAKE,train,fsfjlwwsen.mp4
chpcotzlpx.mp4,FAKE,train,qzaqqnsoeb.mp4
sihwiashxa.mp4,FAKE,train,irdptfgpbb.mp4
omfvhpdvio.mp4,FAKE,train,ixiemiordj.mp4
fapazklyby.mp4,FAKE,train,qzaqqnsoeb.mp4
vulirjzpza.mp4,FAKE,train,ixiemiordj.mp4
wxnszxspji.mp4,FAKE,train,gypapuqdrx.mp4
embhtiswqh.mp4,FAKE,train,ujunqskegt.mp4
fsfjlwwsen.mp4,REAL,train,
aumcclscze.mp4,FAKE,train,mxyzjggzpw.mp4
sczotewblh.mp4,FAKE,train,ckgabgjnca.mp4
nggemodzrx.mp4,FAKE,train,ujunqskegt.mp4
bkmyreelcs.mp4,FAKE,train,likhvpxanp.mp4
dwepeiwahc.mp4,FAKE,train,rszqqwhnkj.mp4
wdalfxivcx.mp4,FAKE,train,ckgabgjnca.mp4
yiultxpfpc.mp4,FAKE,train,ndqxtifvbw.mp4
umcnwdkero.mp4,FAKE,train,ckgabgjnca.mp4
kfekgfhthe.mp4,FAKE,train,mxyzjggzpw.mp4
jrwqouwlzc.mp4,FAKE,train,papogkywdx.mp4
ykumgyaucv.mp4,FAKE,train,bktcgtnzzh.mp4
cbezijagez.mp4,FAKE,train,fsfjlwwsen.mp4
hedetzyqpu.mp4,REAL,train,
vjeywrdbih.mp4,FAKE,train,osjaqtkkdt.mp4
yxvwudykpv.mp4,FAKE,train,iwqcdlurfz.mp4
rdundildsa.mp4,FAKE,train,mtjitcgpfy.mp4
kocqinykzc.mp4,FAKE,train,vijuirxebt.mp4
kcutxbbrir.mp4,REAL,train,
dmbwijgszl.mp4,FAKE,train,rszqqwhnkj.mp4
aleiiisdzv.mp4,FAKE,train,hedetzyqpu.mp4
aumsysgpsf.mp4,REAL,train,
irdptfgpbb.mp4,REAL,train,
rdfwvhoagh.mp4,FAKE,train,gypapuqdrx.mp4
pglbgnclte.mp4,REAL,train,
qknsdfybhj.mp4,FAKE,train,ckgabgjnca.mp4
hnqxotcevk.mp4,FAKE,train,hybjfytvwo.mp4
kbasecegsw.mp4,FAKE,train,jilfwcuyrp.mp4
hwbnnzmcos.mp4,FAKE,train,gypapuqdrx.mp4
wgycqahjww.mp4,REAL,train,
papogkywdx.mp4,REAL,train,
qtqyglbdem.mp4,REAL,train,
xvfghbnncz.mp4,FAKE,train,qtqyglbdem.mp4
pzgeyymivj.mp4,FAKE,train,ndqxtifvbw.mp4
voxdumsqok.mp4,FAKE,train,qbmfahfsjf.mp4
fbujpbnkys.mp4,FAKE,train,fsfjlwwsen.mp4
yxczphqwsw.mp4,FAKE,train,qzaqqnsoeb.mp4
qbmfahfsjf.mp4,REAL,train,
vsfqsxcdgi.mp4,FAKE,train,qzaqqnsoeb.mp4
nqqojagqeg.mp4,FAKE,train,iwqcdlurfz.mp4
ngbixvttnd.mp4,FAKE,train,jilfwcuyrp.mp4
pwdvfmaywo.mp4,FAKE,train,rszqqwhnkj.mp4
jidhnvtrpf.mp4,FAKE,train,hybjfytvwo.mp4
dfpmkyzpca.mp4,FAKE,train,ixiemiordj.mp4
xzumzpalce.mp4,FAKE,train,rszqqwhnkj.mp4
aewaxxdbjk.mp4,FAKE,train,iwqcdlurfz.mp4
cbpjvmtmzx.mp4,FAKE,train,qcbbixyego.mp4
mutlsuuhqh.mp4,FAKE,train,jilfwcuyrp.mp4
tnrvfrjpfa.mp4,FAKE,train,hedetzyqpu.mp4
suoxrhzujc.mp4,REAL,train,
liqjhqqzmt.mp4,FAKE,train,qcbbixyego.mp4
bzxefrmihn.mp4,FAKE,train,osjaqtkkdt.mp4
rjohqqxzyh.mp4,FAKE,train,qkjdawzkvu.mp4
rszqqwhnkj.mp4,REAL,train,
hddohuycnv.mp4,FAKE,train,ixiemiordj.mp4
ozlweahhsy.mp4,FAKE,train,papogkywdx.mp4
mtjitcgpfy.mp4,REAL,train,
dtutjoeohz.mp4,FAKE,train,iwqcdlurfz.mp4
vvhlkhoolb.mp4,FAKE,train,pglbgnclte.mp4
ojoecorksr.mp4,FAKE,train,ixiemiordj.mp4
dauxqdsrta.mp4,FAKE,train,hedetzyqpu.mp4
vlmcahccjj.mp4,FAKE,train,hybjfytvwo.mp4
tsalzbhvze.mp4,FAKE,train,ymjqaywshs.mp4
tyeylevexm.mp4,FAKE,train,phjevxqkxu.mp4
calwihtnjm.mp4,FAKE,train,jnvycbkaph.mp4
cejcybcemu.mp4,FAKE,train,fmljdvhwtj.mp4
dyqeddqknx.mp4,FAKE,train,avjauiqsjy.mp4
xdtyihrmet.mp4,FAKE,train,winjhwexch.mp4
esixjxfsms.mp4,FAKE,train,vddzflpeat.mp4
apscwnwndu.mp4,FAKE,train,gcjmubsxtr.mp4
winjhwexch.mp4,REAL,train,
ooavdkhcnf.mp4,REAL,train,
fbgsueqwxv.mp4,FAKE,train,sxltuzpcxj.mp4
bkrthuclue.mp4,FAKE,train,kuqbgbrypa.mp4
syperuofbv.mp4,FAKE,train,icwvmmmlpy.mp4
nwseytwegi.mp4,FAKE,train,bwhdmdqwba.mp4
phjevxqkxu.mp4,REAL,train,
zmgffszavc.mp4,FAKE,train,phjevxqkxu.mp4
cbqfgqronr.mp4,FAKE,train,drxvwffypa.mp4
vnjndtraot.mp4,FAKE,train,bwhdmdqwba.mp4
lffbjekzzp.mp4,FAKE,train,rtpuwtrxsr.mp4
bwhdmdqwba.mp4,REAL,train,
urkdwctnan.mp4,FAKE,train,drxvwffypa.mp4
fekdyrzfda.mp4,FAKE,train,bxefyimnqr.mp4
tostmagsiq.mp4,FAKE,train,bwhdmdqwba.mp4
qexgjiiepq.mp4,FAKE,train,vblnxpxxqc.mp4
ymjqaywshs.mp4,REAL,train,
orimprghvd.mp4,FAKE,train,icwvmmmlpy.mp4
kjvrzbfihr.mp4,FAKE,train,ieplvzbyvl.mp4
jwqplyokhy.mp4,FAKE,train,vblnxpxxqc.mp4
rtpuwtrxsr.mp4,REAL,train,
ieplvzbyvl.mp4,REAL,train,
jzrhoicrbq.mp4,FAKE,train,sxltuzpcxj.mp4
ekunwvpbzd.mp4,FAKE,train,sxltuzpcxj.mp4
dtsemuqyot.mp4,FAKE,train,wetheuhcha.mp4
langkfbayd.mp4,FAKE,train,vbcobttbuh.mp4
kiotoqmmfj.mp4,REAL,train,
oipfpxlzfo.mp4,FAKE,train,nkjahbmcmy.mp4
icwvmmmlpy.mp4,REAL,train,
kkamhfcwgc.mp4,FAKE,train,nkjahbmcmy.mp4
nvkzpexyzg.mp4,REAL,train,
wbdeybaazn.mp4,FAKE,train,drxvwffypa.mp4
ylrhmdwtfz.mp4,FAKE,train,phjevxqkxu.mp4
lvxzjwiklq.mp4,FAKE,train,phjevxqkxu.mp4
drxvwffypa.mp4,REAL,train,
zwzlhvygxt.mp4,FAKE,train,vblnxpxxqc.mp4
wakrfauvnf.mp4,FAKE,train,bwhdmdqwba.mp4
wetheuhcha.mp4,REAL,train,
rykvjfugkj.mp4,FAKE,train,winjhwexch.mp4
muaahwnyco.mp4,FAKE,train,icwvmmmlpy.mp4
bwyvrcczte.mp4,FAKE,train,avjauiqsjy.mp4
fryskdgsfd.mp4,FAKE,train,vwqrtxbwye.mp4
kpspwqtytd.mp4,FAKE,train,bxefyimnqr.mp4
czkwwkzpyx.mp4,FAKE,train,drxvwffypa.mp4
trecjopqxv.mp4,FAKE,train,drxvwffypa.mp4
nbqbukndps.mp4,FAKE,train,jnvycbkaph.mp4
naelcubjlh.mp4,FAKE,train,kiotoqmmfj.mp4
fmljdvhwtj.mp4,REAL,train,
tvccutphzk.mp4,FAKE,train,oxbcpirwua.mp4
dazseswwpp.mp4,FAKE,train,cufipbigrt.mp4
brgnsmjnde.mp4,FAKE,train,jnvycbkaph.mp4
vgbzhesioo.mp4,FAKE,train,gcjmubsxtr.mp4
bxefyimnqr.mp4,REAL,train,
zvhdwittmk.mp4,FAKE,train,fmljdvhwtj.mp4
mdzupjvdwr.mp4,FAKE,train,winjhwexch.mp4
bolcjxqleh.mp4,FAKE,train,gcjmubsxtr.mp4
sxltuzpcxj.mp4,REAL,train,
yeasrhspcl.mp4,FAKE,train,bxefyimnqr.mp4
tvnhmwpqwt.mp4,FAKE,train,vddzflpeat.mp4
nbagbmjgka.mp4,FAKE,train,icwvmmmlpy.mp4
urzvuvzohy.mp4,FAKE,train,aaferzprat.mp4
nflhgaehdw.mp4,FAKE,train,jnvycbkaph.mp4
wugzepvpix.mp4,FAKE,train,wetheuhcha.mp4
vddzflpeat.mp4,REAL,train,
qpopfoykiv.mp4,FAKE,train,kuqbgbrypa.mp4
jnvycbkaph.mp4,REAL,train,
rrwajtxojs.mp4,FAKE,train,jnvycbkaph.mp4
xiwpvcxuhr.mp4,REAL,train,
hhiznfrxun.mp4,FAKE,train,nkjahbmcmy.mp4
edvlekdczt.mp4,FAKE,train,cufipbigrt.mp4
ktdklnmmro.mp4,FAKE,train,avjauiqsjy.mp4
yjdhbhesnq.mp4,FAKE,train,vbcobttbuh.mp4
djttvzkrat.mp4,FAKE,train,gcjmubsxtr.mp4
cmuzrrlaiy.mp4,FAKE,train,vwqrtxbwye.mp4
uzoixvnqjd.mp4,FAKE,train,xiwpvcxuhr.mp4
wytpaehszj.mp4,FAKE,train,phjevxqkxu.mp4
wfdhdbgvzm.mp4,FAKE,train,vypfiufyvr.mp4
kjtecpvuai.mp4,FAKE,train,icwvmmmlpy.mp4
wxaxyyatph.mp4,FAKE,train,jnvycbkaph.mp4
vwqrtxbwye.mp4,REAL,train,
bnfhgczmrn.mp4,FAKE,train,avjauiqsjy.mp4
npdomfybya.mp4,FAKE,train,mffbrshfnj.mp4
utflkdvchw.mp4,FAKE,train,fmljdvhwtj.mp4
oxbcpirwua.mp4,REAL,train,
vblnxpxxqc.mp4,REAL,train,
gcjmubsxtr.mp4,REAL,train,
icgapcxria.mp4,FAKE,train,oxbcpirwua.mp4
jshlzwhsgf.mp4,FAKE,train,ieplvzbyvl.mp4
ugriuqabdp.mp4,FAKE,train,icwvmmmlpy.mp4
dvzzbsykab.mp4,FAKE,train,vwqrtxbwye.mp4
yhadancvgb.mp4,FAKE,train,wetheuhcha.mp4
hrbrjdctgm.mp4,FAKE,train,avjauiqsjy.mp4
yotembrpny.mp4,FAKE,train,vblnxpxxqc.mp4
jazdzntcfc.mp4,FAKE,train,jnvycbkaph.mp4
qcmmdedmfx.mp4,FAKE,train,bxefyimnqr.mp4
itmkomrbnh.mp4,FAKE,train,kuqbgbrypa.mp4
glvkhhypqd.mp4,FAKE,train,avjauiqsjy.mp4
vypfiufyvr.mp4,REAL,train,
vbcobttbuh.mp4,REAL,train,
iejsjlmsbf.mp4,FAKE,train,icwvmmmlpy.mp4
uhccchvlop.mp4,FAKE,train,avjauiqsjy.mp4
bwxfakgakt.mp4,FAKE,train,vwqrtxbwye.mp4
csetzcnezn.mp4,FAKE,train,nvkzpexyzg.mp4
hwsgjnslze.mp4,REAL,train,
ldxeoxkuqb.mp4,FAKE,train,jnvycbkaph.mp4
hwspklkjol.mp4,FAKE,train,avjauiqsjy.mp4
fdljwgcbvb.mp4,FAKE,train,icwvmmmlpy.mp4
ieahdkebjr.mp4,FAKE,train,drxvwffypa.mp4
erbohkvmhv.mp4,FAKE,train,mffbrshfnj.mp4
hmxflzmzym.mp4,FAKE,train,hwsgjnslze.mp4
ifoesojzgd.mp4,FAKE,train,aaferzprat.mp4
mffbrshfnj.mp4,REAL,train,
khkohvyxzx.mp4,FAKE,train,drxvwffypa.mp4
ycoaclsdov.mp4,FAKE,train,rtpuwtrxsr.mp4
hbiuohewjf.mp4,FAKE,train,wetheuhcha.mp4
eghvuzdbpi.mp4,FAKE,train,nvkzpexyzg.mp4
hrfjbsruvh.mp4,FAKE,train,phjevxqkxu.mp4
lnhshsgucc.mp4,FAKE,train,kuqbgbrypa.mp4
magmhtikgy.mp4,FAKE,train,kuqbgbrypa.mp4
satsslimef.mp4,FAKE,train,xiwpvcxuhr.mp4
mzpqfnojnn.mp4,FAKE,train,gcjmubsxtr.mp4
wmekgobjyy.mp4,FAKE,train,vypfiufyvr.mp4
nkjahbmcmy.mp4,REAL,train,
lvkompzpun.mp4,FAKE,train,winjhwexch.mp4
fxocxqcnay.mp4,FAKE,train,wetheuhcha.mp4
lmcnonfhgz.mp4,FAKE,train,drxvwffypa.mp4
avjauiqsjy.mp4,REAL,train,
dyvvxwyrau.mp4,FAKE,train,kiotoqmmfj.mp4
cufipbigrt.mp4,REAL,train,
degaiqcgjz.mp4,FAKE,train,drxvwffypa.mp4
ujtagofmfe.mp4,FAKE,train,avjauiqsjy.mp4
qdonojiofl.mp4,FAKE,train,ymjqaywshs.mp4
kuqbgbrypa.mp4,REAL,train,
cmirvugxlv.mp4,FAKE,train,vblnxpxxqc.mp4
zggjxxwfhn.mp4,FAKE,train,jnvycbkaph.mp4
gywcvsgmda.mp4,FAKE,train,hwsgjnslze.mp4
xjkwfwnrwy.mp4,FAKE,train,phjevxqkxu.mp4
aaferzprat.mp4,REAL,train,
yvawlzjnpe.mp4,FAKE,train,jnvycbkaph.mp4
fgeuhffsss.mp4,FAKE,train,jnvycbkaph.mp4
xzouvgiqha.mp4,FAKE,train,vypfiufyvr.mp4
xmkqoawrev.mp4,FAKE,train,avjauiqsjy.mp4
rlanlrwraj.mp4,FAKE,train,ooavdkhcnf.mp4
ipkyxmxjiz.mp4,FAKE,train,avjauiqsjy.mp4
isbmgabjat.mp4,FAKE,train,avjauiqsjy.mp4
yrpxehbypm.mp4,FAKE,train,avjauiqsjy.mp4
ryxitjlsve.mp4,FAKE,train,phjevxqkxu.mp4
gahmjgyizr.mp4,FAKE,train,nkjahbmcmy.mp4
cpdtroihpl.mp4,FAKE,train,drxvwffypa.mp4
tgyqwaclzv.mp4,FAKE,train,bxefyimnqr.mp4
osncortkcr.mp4,FAKE,train,jnvycbkaph.mp4
jrdkewnpng.mp4,FAKE,train,avjauiqsjy.mp4
nswzlobimy.mp4,FAKE,train,vwqrtxbwye.mp4
brpgchpere.mp4,FAKE,train,jkrbsekajk.mp4
efzqlpbdfm.mp4,REAL,train,
mfsvnuglii.mp4,REAL,train,
jkrbsekajk.mp4,REAL,train,
pactbbhnhl.mp4,REAL,train,
zcfpsnaujx.mp4,REAL,train,
sbmacpggcj.mp4,REAL,train,
qyjbhkeqes.mp4,FAKE,train,skwmrskbtg.mp4
jzmkfyijbz.mp4,FAKE,train,vytjkvplzu.mp4
vdbvsvobgq.mp4,FAKE,train,pactbbhnhl.mp4
xpfwswzdgw.mp4,FAKE,train,mlmgockhuq.mp4
inneixkosf.mp4,REAL,train,
tcwhwssdnv.mp4,REAL,train,
ngktbwztro.mp4,FAKE,train,zxhjoguflb.mp4
ghwlogkoic.mp4,FAKE,train,tpxkhzhqjk.mp4
axnpuuknzw.mp4,REAL,train,
vytjkvplzu.mp4,REAL,train,
ouklczpngo.mp4,FAKE,train,iaffxzbsat.mp4
jfggaheccf.mp4,FAKE,train,mfsvnuglii.mp4
fcrhnotouh.mp4,REAL,train,
aybqoonlol.mp4,FAKE,train,efzqlpbdfm.mp4
skwmrskbtg.mp4,REAL,train,
xhpdblckfs.mp4,FAKE,train,ymlvcyksmi.mp4
eyhhnebwcs.mp4,REAL,train,
krnkcunqqa.mp4,REAL,train,
bzsnkjzneg.mp4,FAKE,train,jiqhuhqtdf.mp4
yxmrbozaql.mp4,FAKE,train,wiksdqrdai.mp4
dgjssccxhx.mp4,FAKE,train,krnkcunqqa.mp4
shvfupmrho.mp4,REAL,train,
xkukyjokbg.mp4,FAKE,train,fflgzydmzd.mp4
ulcjqkweit.mp4,FAKE,train,rkjhxvdnsv.mp4
rpynhhdirq.mp4,FAKE,train,vehvnfriqh.mp4
saewdvwtes.mp4,FAKE,train,geturetbpy.mp4
tpxkhzhqjk.mp4,REAL,train,
xrkpufpirm.mp4,FAKE,train,xojuannegi.mp4
qxgghpfsil.mp4,FAKE,train,idklchvhxp.mp4
qewhficabz.mp4,FAKE,train,sbmacpggcj.mp4
vuofhivyfs.mp4,REAL,train,
ymlvcyksmi.mp4,REAL,train,
mlmgockhuq.mp4,REAL,train,
geturetbpy.mp4,REAL,train,
ypsbicsrsf.mp4,FAKE,train,hjiwmybauf.mp4
qqkvcggekq.mp4,FAKE,train,shvfupmrho.mp4
hrlrtaouty.mp4,FAKE,train,zcfpsnaujx.mp4
iaffxzbsat.mp4,REAL,train,
evutrhbglp.mp4,REAL,train,
vehvnfriqh.mp4,REAL,train,
kfmucuxvhe.mp4,FAKE,train,evutrhbglp.mp4
zxhjoguflb.mp4,REAL,train,
wiksdqrdai.mp4,REAL,train,
vihekzssnq.mp4,FAKE,train,qzucqrxmaj.mp4
nlrmgdqfnr.mp4,REAL,train,
hnonyvtuvx.mp4,FAKE,train,drxswkgtst.mp4
hjiwmybauf.mp4,REAL,train,
yyuhfwpuzb.mp4,FAKE,train,vuofhivyfs.mp4
kdmonvkpqd.mp4,REAL,train,
lputgrtity.mp4,FAKE,train,vojsghpebv.mp4
jrakqbwquo.mp4,FAKE,train,inneixkosf.mp4
fflgzydmzd.mp4,REAL,train,
fgvfeubemr.mp4,FAKE,train,tcwhwssdnv.mp4
bbwndtahps.mp4,FAKE,train,fcrhnotouh.mp4
jjzveabagf.mp4,REAL,train,
qkfyrhvkul.mp4,FAKE,train,kdmonvkpqd.mp4
gfxfgqgeda.mp4,FAKE,train,gbflagqcrg.mp4
vojsghpebv.mp4,REAL,train,
idklchvhxp.mp4,REAL,train,
dggzimgtrq.mp4,FAKE,train,eyhhnebwcs.mp4
icuolbvyqu.mp4,FAKE,train,nlrmgdqfnr.mp4
fhwgrarnid.mp4,FAKE,train,axnpuuknzw.mp4
cspnpyohxu.mp4,FAKE,train,jjzveabagf.mp4
rkjhxvdnsv.mp4,REAL,train,
xojuannegi.mp4,REAL,train,
gbflagqcrg.mp4,REAL,train,
qzucqrxmaj.mp4,REAL,train,
lbvpjkfemg.mp4,FAKE,train,oqehnuhbwa.mp4
drxswkgtst.mp4,REAL,train,
oqehnuhbwa.mp4,REAL,train,
jiqhuhqtdf.mp4,REAL,train,
